Workbook

Sheet 26년1~3월
A15: 주일 참석자 현황
A16: 구분 | D16: 날짜 | E16: 45661 | F16: 45668 | G16: 45675 | H16: 45682 | I16: 45689 | J16: 45696 | K16: 45703 | L16: 45710 | M16: 45717 | N16: 45724 | O16: 45731 | P16: 45738 | Q16: 45745
A17: 성인 | E17: =SUMIF(data_주일!I$11:I$303,1,data_주일!I$11:I$303) -> 209 | F17: =SUMIF(data_주일!J$11:J$303,1,data_주일!J$11:J$303) -> 214 | G17: =SUMIF(data_주일!K$11:K$303,1,data_주일!K$11:K$303) -> 217 | H17: =SUMIF(data_주일!L$11:L$303,1,data_주일!L$11:L$303) -> 229 | I17: =SUMIF(data_주일!M$11:M$303,1,data_주일!M$11:M$303) -> 214 | J17: =SUMIF(data_주일!N$11:N$303,1,data_주일!N$11:N$303) -> 216 | K17: =SUM(K18:K27) -> 212 | L17: =SUMIF(data_주일!P$11:P$303,1,data_주일!P$11:P$303) -> 209 | M17: =SUMIF(data_주일!Q$11:Q$303,1,data_주일!Q$11:Q$303) -> 218 | N17: =SUMIF(data_주일!R$11:R$303,1,data_주일!R$11:R$303) -> 211 | O17: =SUMIF(data_주일!S$11:S$303,1,data_주일!S$11:S$303) -> 218 | P17: =SUMIF(data_주일!T$11:T$303,1,data_주일!T$11:T$303) -> 221 | Q17: =SUMIF(data_주일!U$11:U$303,1,data_주일!U$11:U$303) -> 213
B18: 11 | C18: 구역 | D18: 재적39명 | E18: =IF(SUMIF(data_주일!$B$11:$B$303,$B18,data_주일!I$11:I$303)>0,SUMIF(data_주일!$B$11:$B$303,$B18,data_주일!I$11:I$303),"") -> 24 | F18: =IF(SUMIF(data_주일!$B$11:$B$303,$B18,data_주일!J$11:J$303)>0,SUMIF(data_주일!$B$11:$B$303,$B18,data_주일!J$11:J$303),"") -> 24 | G18: =IF(SUMIF(data_주일!$B$11:$B$303,$B18,data_주일!K$11:K$303)>0,SUMIF(data_주일!$B$11:$B$303,$B18,data_주일!K$11:K$303),"") -> 27 | H18: =IF(SUMIF(data_주일!$B$11:$B$303,$B18,data_주일!L$11:L$303)>0,SUMIF(data_주일!$B$11:$B$303,$B18,data_주일!L$11:L$303),"") -> 29 | I18: =IF(SUMIF(data_주일!$B$11:$B$303,$B18,data_주일!M$11:M$303)>0,SUMIF(data_주일!$B$11:$B$303,$B18,data_주일!M$11:M$303),"") -> 26 | J18: =IF(SUMIF(data_주일!$B$11:$B$303,$B18,data_주일!N$11:N$303)>0,SUMIF(data_주일!$B$11:$B$303,$B18,data_주일!N$11:N$303),"") -> 26 | K18: =ROUNDDOWN(AVERAGE(E18:J18),0) -> 26 | L18: =IF(SUMIF(data_주일!$B$11:$B$303,$B18,data_주일!P$11:P$303)>0,SUMIF(data_주일!$B$11:$B$303,$B18,data_주일!P$11:P$303),"") -> 26 | M18: =IF(SUMIF(data_주일!$B$11:$B$303,$B18,data_주일!Q$11:Q$303)>0,SUMIF(data_주일!$B$11:$B$303,$B18,data_주일!Q$11:Q$303),"") -> 26 | N18: =IF(SUMIF(data_주일!$B$11:$B$303,$B18,data_주일!R$11:R$303)>0,SUMIF(data_주일!$B$11:$B$303,$B18,data_주일!R$11:R$303),"") -> 23 | O18: =IF(SUMIF(data_주일!$B$11:$B$303,$B18,data_주일!S$11:S$303)>0,SUMIF(data_주일!$B$11:$B$303,$B18,data_주일!S$11:S$303),"") -> 28 | P18: =IF(SUMIF(data_주일!$B$11:$B$303,$B18,data_주일!T$11:T$303)>0,SUMIF(data_주일!$B$11:$B$303,$B18,data_주일!T$11:T$303),"") -> 26 | Q18: =IF(SUMIF(data_주일!$B$11:$B$303,$B18,data_주일!U$11:U$303)>0,SUMIF(data_주일!$B$11:$B$303,$B18,data_주일!U$11:U$303),"") -> 24
B19: 12 | C19: 구역 | D19: 재적27명 | E19: =IF(SUMIF(data_주일!$B$11:$B$303,$B19,data_주일!I$11:I$303)>0,SUMIF(data_주일!$B$11:$B$303,$B19,data_주일!I$11:I$303),"") -> 25 | F19: =IF(SUMIF(data_주일!$B$11:$B$303,$B19,data_주일!J$11:J$303)>0,SUMIF(data_주일!$B$11:$B$303,$B19,data_주일!J$11:J$303),"") -> 26 | G19: =IF(SUMIF(data_주일!$B$11:$B$303,$B19,data_주일!K$11:K$303)>0,SUMIF(data_주일!$B$11:$B$303,$B19,data_주일!K$11:K$303),"") -> 24 | H19: =IF(SUMIF(data_주일!$B$11:$B$303,$B19,data_주일!L$11:L$303)>0,SUMIF(data_주일!$B$11:$B$303,$B19,data_주일!L$11:L$303),"") -> 27 | I19: =IF(SUMIF(data_주일!$B$11:$B$303,$B19,data_주일!M$11:M$303)>0,SUMIF(data_주일!$B$11:$B$303,$B19,data_주일!M$11:M$303),"") -> 26 | J19: =IF(SUMIF(data_주일!$B$11:$B$303,$B19,data_주일!N$11:N$303)>0,SUMIF(data_주일!$B$11:$B$303,$B19,data_주일!N$11:N$303),"") -> 26 | K19: =ROUNDDOWN(AVERAGE(E19:J19),0) -> 25 | L19: =IF(SUMIF(data_주일!$B$11:$B$303,$B19,data_주일!P$11:P$303)>0,SUMIF(data_주일!$B$11:$B$303,$B19,data_주일!P$11:P$303),"") -> 24 | M19: =IF(SUMIF(data_주일!$B$11:$B$303,$B19,data_주일!Q$11:Q$303)>0,SUMIF(data_주일!$B$11:$B$303,$B19,data_주일!Q$11:Q$303),"") -> 25 | N19: =IF(SUMIF(data_주일!$B$11:$B$303,$B19,data_주일!R$11:R$303)>0,SUMIF(data_주일!$B$11:$B$303,$B19,data_주일!R$11:R$303),"") -> 24 | O19: =IF(SUMIF(data_주일!$B$11:$B$303,$B19,data_주일!S$11:S$303)>0,SUMIF(data_주일!$B$11:$B$303,$B19,data_주일!S$11:S$303),"") -> 27 | P19: =IF(SUMIF(data_주일!$B$11:$B$303,$B19,data_주일!T$11:T$303)>0,SUMIF(data_주일!$B$11:$B$303,$B19,data_주일!T$11:T$303),"") -> 27 | Q19: =IF(SUMIF(data_주일!$B$11:$B$303,$B19,data_주일!U$11:U$303)>0,SUMIF(data_주일!$B$11:$B$303,$B19,data_주일!U$11:U$303),"") -> 28
B20: 21 | C20: 구역 | D20: 재적31명 | E20: =IF(SUMIF(data_주일!$B$11:$B$303,$B20,data_주일!I$11:I$303)>0,SUMIF(data_주일!$B$11:$B$303,$B20,data_주일!I$11:I$303),"") -> 21 | F20: =IF(SUMIF(data_주일!$B$11:$B$303,$B20,data_주일!J$11:J$303)>0,SUMIF(data_주일!$B$11:$B$303,$B20,data_주일!J$11:J$303),"") -> 24 | G20: =IF(SUMIF(data_주일!$B$11:$B$303,$B20,data_주일!K$11:K$303)>0,SUMIF(data_주일!$B$11:$B$303,$B20,data_주일!K$11:K$303),"") -> 26 | H20: =IF(SUMIF(data_주일!$B$11:$B$303,$B20,data_주일!L$11:L$303)>0,SUMIF(data_주일!$B$11:$B$303,$B20,data_주일!L$11:L$303),"") -> 23 | I20: =IF(SUMIF(data_주일!$B$11:$B$303,$B20,data_주일!M$11:M$303)>0,SUMIF(data_주일!$B$11:$B$303,$B20,data_주일!M$11:M$303),"") -> 23 | J20: =IF(SUMIF(data_주일!$B$11:$B$303,$B20,data_주일!N$11:N$303)>0,SUMIF(data_주일!$B$11:$B$303,$B20,data_주일!N$11:N$303),"") -> 22 | K20: =ROUNDDOWN(AVERAGE(E20:J20),0) -> 23 | L20: =IF(SUMIF(data_주일!$B$11:$B$303,$B20,data_주일!P$11:P$303)>0,SUMIF(data_주일!$B$11:$B$303,$B20,data_주일!P$11:P$303),"") -> 22 | M20: =IF(SUMIF(data_주일!$B$11:$B$303,$B20,data_주일!Q$11:Q$303)>0,SUMIF(data_주일!$B$11:$B$303,$B20,data_주일!Q$11:Q$303),"") -> 25 | N20: =IF(SUMIF(data_주일!$B$11:$B$303,$B20,data_주일!R$11:R$303)>0,SUMIF(data_주일!$B$11:$B$303,$B20,data_주일!R$11:R$303),"") -> 22 | O20: =IF(SUMIF(data_주일!$B$11:$B$303,$B20,data_주일!S$11:S$303)>0,SUMIF(data_주일!$B$11:$B$303,$B20,data_주일!S$11:S$303),"") -> 20 | P20: =IF(SUMIF(data_주일!$B$11:$B$303,$B20,data_주일!T$11:T$303)>0,SUMIF(data_주일!$B$11:$B$303,$B20,data_주일!T$11:T$303),"") -> 22 | Q20: =IF(SUMIF(data_주일!$B$11:$B$303,$B20,data_주일!U$11:U$303)>0,SUMIF(data_주일!$B$11:$B$303,$B20,data_주일!U$11:U$303),"") -> 22
B21: 22 | C21: 구역 | D21: 재적23명 | E21: =IF(SUMIF(data_주일!$B$11:$B$303,$B21,data_주일!I$11:I$303)>0,SUMIF(data_주일!$B$11:$B$303,$B21,data_주일!I$11:I$303),"") -> 15 | F21: =IF(SUMIF(data_주일!$B$11:$B$303,$B21,data_주일!J$11:J$303)>0,SUMIF(data_주일!$B$11:$B$303,$B21,data_주일!J$11:J$303),"") -> 16 | G21: =IF(SUMIF(data_주일!$B$11:$B$303,$B21,data_주일!K$11:K$303)>0,SUMIF(data_주일!$B$11:$B$303,$B21,data_주일!K$11:K$303),"") -> 16 | H21: =IF(SUMIF(data_주일!$B$11:$B$303,$B21,data_주일!L$11:L$303)>0,SUMIF(data_주일!$B$11:$B$303,$B21,data_주일!L$11:L$303),"") -> 17 | I21: =IF(SUMIF(data_주일!$B$11:$B$303,$B21,data_주일!M$11:M$303)>0,SUMIF(data_주일!$B$11:$B$303,$B21,data_주일!M$11:M$303),"") -> 17 | J21: =IF(SUMIF(data_주일!$B$11:$B$303,$B21,data_주일!N$11:N$303)>0,SUMIF(data_주일!$B$11:$B$303,$B21,data_주일!N$11:N$303),"") -> 19 | K21: =ROUNDDOWN(AVERAGE(E21:J21),0) -> 16 | L21: =IF(SUMIF(data_주일!$B$11:$B$303,$B21,data_주일!P$11:P$303)>0,SUMIF(data_주일!$B$11:$B$303,$B21,data_주일!P$11:P$303),"") -> 17 | M21: =IF(SUMIF(data_주일!$B$11:$B$303,$B21,data_주일!Q$11:Q$303)>0,SUMIF(data_주일!$B$11:$B$303,$B21,data_주일!Q$11:Q$303),"") -> 20 | N21: =IF(SUMIF(data_주일!$B$11:$B$303,$B21,data_주일!R$11:R$303)>0,SUMIF(data_주일!$B$11:$B$303,$B21,data_주일!R$11:R$303),"") -> 20 | O21: =IF(SUMIF(data_주일!$B$11:$B$303,$B21,data_주일!S$11:S$303)>0,SUMIF(data_주일!$B$11:$B$303,$B21,data_주일!S$11:S$303),"") -> 19 | P21: =IF(SUMIF(data_주일!$B$11:$B$303,$B21,data_주일!T$11:T$303)>0,SUMIF(data_주일!$B$11:$B$303,$B21,data_주일!T$11:T$303),"") -> 20 | Q21: =IF(SUMIF(data_주일!$B$11:$B$303,$B21,data_주일!U$11:U$303)>0,SUMIF(data_주일!$B$11:$B$303,$B21,data_주일!U$11:U$303),"") -> 17
B22: 31 | C22: 구역 | D22: 재적35명 | E22: =IF(SUMIF(data_주일!$B$11:$B$303,$B22,data_주일!I$11:I$303)>0,SUMIF(data_주일!$B$11:$B$303,$B22,data_주일!I$11:I$303),"") -> 29 | F22: =IF(SUMIF(data_주일!$B$11:$B$303,$B22,data_주일!J$11:J$303)>0,SUMIF(data_주일!$B$11:$B$303,$B22,data_주일!J$11:J$303),"") -> 25 | G22: =IF(SUMIF(data_주일!$B$11:$B$303,$B22,data_주일!K$11:K$303)>0,SUMIF(data_주일!$B$11:$B$303,$B22,data_주일!K$11:K$303),"") -> 26 | H22: =IF(SUMIF(data_주일!$B$11:$B$303,$B22,data_주일!L$11:L$303)>0,SUMIF(data_주일!$B$11:$B$303,$B22,data_주일!L$11:L$303),"") -> 28 | I22: =IF(SUMIF(data_주일!$B$11:$B$303,$B22,data_주일!M$11:M$303)>0,SUMIF(data_주일!$B$11:$B$303,$B22,data_주일!M$11:M$303),"") -> 24 | J22: =IF(SUMIF(data_주일!$B$11:$B$303,$B22,data_주일!N$11:N$303)>0,SUMIF(data_주일!$B$11:$B$303,$B22,data_주일!N$11:N$303),"") -> 28 | K22: =ROUNDDOWN(AVERAGE(E22:J22),0) -> 26 | L22: =IF(SUMIF(data_주일!$B$11:$B$303,$B22,data_주일!P$11:P$303)>0,SUMIF(data_주일!$B$11:$B$303,$B22,data_주일!P$11:P$303),"") -> 26 | M22: =IF(SUMIF(data_주일!$B$11:$B$303,$B22,data_주일!Q$11:Q$303)>0,SUMIF(data_주일!$B$11:$B$303,$B22,data_주일!Q$11:Q$303),"") -> 25 | N22: =IF(SUMIF(data_주일!$B$11:$B$303,$B22,data_주일!R$11:R$303)>0,SUMIF(data_주일!$B$11:$B$303,$B22,data_주일!R$11:R$303),"") -> 20 | O22: =IF(SUMIF(data_주일!$B$11:$B$303,$B22,data_주일!S$11:S$303)>0,SUMIF(data_주일!$B$11:$B$303,$B22,data_주일!S$11:S$303),"") -> 23 | P22: =IF(SUMIF(data_주일!$B$11:$B$303,$B22,data_주일!T$11:T$303)>0,SUMIF(data_주일!$B$11:$B$303,$B22,data_주일!T$11:T$303),"") -> 26 | Q22: =IF(SUMIF(data_주일!$B$11:$B$303,$B22,data_주일!U$11:U$303)>0,SUMIF(data_주일!$B$11:$B$303,$B22,data_주일!U$11:U$303),"") -> 24
B23: 32 | C23: 구역 | D23: 재적28명 | E23: =IF(SUMIF(data_주일!$B$11:$B$303,$B23,data_주일!I$11:I$303)>0,SUMIF(data_주일!$B$11:$B$303,$B23,data_주일!I$11:I$303),"") -> 23 | F23: =IF(SUMIF(data_주일!$B$11:$B$303,$B23,data_주일!J$11:J$303)>0,SUMIF(data_주일!$B$11:$B$303,$B23,data_주일!J$11:J$303),"") -> 24 | G23: =IF(SUMIF(data_주일!$B$11:$B$303,$B23,data_주일!K$11:K$303)>0,SUMIF(data_주일!$B$11:$B$303,$B23,data_주일!K$11:K$303),"") -> 26 | H23: =IF(SUMIF(data_주일!$B$11:$B$303,$B23,data_주일!L$11:L$303)>0,SUMIF(data_주일!$B$11:$B$303,$B23,data_주일!L$11:L$303),"") -> 25 | I23: =IF(SUMIF(data_주일!$B$11:$B$303,$B23,data_주일!M$11:M$303)>0,SUMIF(data_주일!$B$11:$B$303,$B23,data_주일!M$11:M$303),"") -> 21 | J23: =IF(SUMIF(data_주일!$B$11:$B$303,$B23,data_주일!N$11:N$303)>0,SUMIF(data_주일!$B$11:$B$303,$B23,data_주일!N$11:N$303),"") -> 27 | K23: =ROUNDDOWN(AVERAGE(E23:J23),0) -> 24 | L23: =IF(SUMIF(data_주일!$B$11:$B$303,$B23,data_주일!P$11:P$303)>0,SUMIF(data_주일!$B$11:$B$303,$B23,data_주일!P$11:P$303),"") -> 23 | M23: =IF(SUMIF(data_주일!$B$11:$B$303,$B23,data_주일!Q$11:Q$303)>0,SUMIF(data_주일!$B$11:$B$303,$B23,data_주일!Q$11:Q$303),"") -> 21 | N23: =IF(SUMIF(data_주일!$B$11:$B$303,$B23,data_주일!R$11:R$303)>0,SUMIF(data_주일!$B$11:$B$303,$B23,data_주일!R$11:R$303),"") -> 26 | O23: =IF(SUMIF(data_주일!$B$11:$B$303,$B23,data_주일!S$11:S$303)>0,SUMIF(data_주일!$B$11:$B$303,$B23,data_주일!S$11:S$303),"") -> 26 | P23: =IF(SUMIF(data_주일!$B$11:$B$303,$B23,data_주일!T$11:T$303)>0,SUMIF(data_주일!$B$11:$B$303,$B23,data_주일!T$11:T$303),"") -> 26 | Q23: =IF(SUMIF(data_주일!$B$11:$B$303,$B23,data_주일!U$11:U$303)>0,SUMIF(data_주일!$B$11:$B$303,$B23,data_주일!U$11:U$303),"") -> 25
B24: 33 | C24: 구역 | D24: 재적12명 | E24: =IF(SUMIF(data_주일!$B$11:$B$303,$B24,data_주일!I$11:I$303)>0,SUMIF(data_주일!$B$11:$B$303,$B24,data_주일!I$11:I$303),"") -> 7 | F24: =IF(SUMIF(data_주일!$B$11:$B$303,$B24,data_주일!J$11:J$303)>0,SUMIF(data_주일!$B$11:$B$303,$B24,data_주일!J$11:J$303),"") -> 6 | G24: =IF(SUMIF(data_주일!$B$11:$B$303,$B24,data_주일!K$11:K$303)>0,SUMIF(data_주일!$B$11:$B$303,$B24,data_주일!K$11:K$303),"") -> 6 | H24: =IF(SUMIF(data_주일!$B$11:$B$303,$B24,data_주일!L$11:L$303)>0,SUMIF(data_주일!$B$11:$B$303,$B24,data_주일!L$11:L$303),"") -> 8 | I24: =IF(SUMIF(data_주일!$B$11:$B$303,$B24,data_주일!M$11:M$303)>0,SUMIF(data_주일!$B$11:$B$303,$B24,data_주일!M$11:M$303),"") -> 6 | J24: =IF(SUMIF(data_주일!$B$11:$B$303,$B24,data_주일!N$11:N$303)>0,SUMIF(data_주일!$B$11:$B$303,$B24,data_주일!N$11:N$303),"") -> 6 | K24: =ROUNDDOWN(AVERAGE(E24:J24),0) -> 6 | L24: =IF(SUMIF(data_주일!$B$11:$B$303,$B24,data_주일!P$11:P$303)>0,SUMIF(data_주일!$B$11:$B$303,$B24,data_주일!P$11:P$303),"") -> 4 | M24: =IF(SUMIF(data_주일!$B$11:$B$303,$B24,data_주일!Q$11:Q$303)>0,SUMIF(data_주일!$B$11:$B$303,$B24,data_주일!Q$11:Q$303),"") -> 6 | N24: =IF(SUMIF(data_주일!$B$11:$B$303,$B24,data_주일!R$11:R$303)>0,SUMIF(data_주일!$B$11:$B$303,$B24,data_주일!R$11:R$303),"") -> 6 | O24: =IF(SUMIF(data_주일!$B$11:$B$303,$B24,data_주일!S$11:S$303)>0,SUMIF(data_주일!$B$11:$B$303,$B24,data_주일!S$11:S$303),"") -> 6 | P24: =IF(SUMIF(data_주일!$B$11:$B$303,$B24,data_주일!T$11:T$303)>0,SUMIF(data_주일!$B$11:$B$303,$B24,data_주일!T$11:T$303),"") -> 4 | Q24: =IF(SUMIF(data_주일!$B$11:$B$303,$B24,data_주일!U$11:U$303)>0,SUMIF(data_주일!$B$11:$B$303,$B24,data_주일!U$11:U$303),"") -> 4
B25: 41 | C25: 구역 | D25: 재적30명 | E25: =IF(SUMIF(data_주일!$B$11:$B$303,$B25,data_주일!I$11:I$303)>0,SUMIF(data_주일!$B$11:$B$303,$B25,data_주일!I$11:I$303),"") -> 20 | F25: =IF(SUMIF(data_주일!$B$11:$B$303,$B25,data_주일!J$11:J$303)>0,SUMIF(data_주일!$B$11:$B$303,$B25,data_주일!J$11:J$303),"") -> 25 | G25: =IF(SUMIF(data_주일!$B$11:$B$303,$B25,data_주일!K$11:K$303)>0,SUMIF(data_주일!$B$11:$B$303,$B25,data_주일!K$11:K$303),"") -> 24 | H25: =IF(SUMIF(data_주일!$B$11:$B$303,$B25,data_주일!L$11:L$303)>0,SUMIF(data_주일!$B$11:$B$303,$B25,data_주일!L$11:L$303),"") -> 24 | I25: =IF(SUMIF(data_주일!$B$11:$B$303,$B25,data_주일!M$11:M$303)>0,SUMIF(data_주일!$B$11:$B$303,$B25,data_주일!M$11:M$303),"") -> 21 | J25: =IF(SUMIF(data_주일!$B$11:$B$303,$B25,data_주일!N$11:N$303)>0,SUMIF(data_주일!$B$11:$B$303,$B25,data_주일!N$11:N$303),"") -> 22 | K25: =ROUNDDOWN(AVERAGE(E25:J25),0) -> 22 | L25: =IF(SUMIF(data_주일!$B$11:$B$303,$B25,data_주일!P$11:P$303)>0,SUMIF(data_주일!$B$11:$B$303,$B25,data_주일!P$11:P$303),"") -> 24 | M25: =IF(SUMIF(data_주일!$B$11:$B$303,$B25,data_주일!Q$11:Q$303)>0,SUMIF(data_주일!$B$11:$B$303,$B25,data_주일!Q$11:Q$303),"") -> 22 | N25: =IF(SUMIF(data_주일!$B$11:$B$303,$B25,data_주일!R$11:R$303)>0,SUMIF(data_주일!$B$11:$B$303,$B25,data_주일!R$11:R$303),"") -> 25 | O25: =IF(SUMIF(data_주일!$B$11:$B$303,$B25,data_주일!S$11:S$303)>0,SUMIF(data_주일!$B$11:$B$303,$B25,data_주일!S$11:S$303),"") -> 23 | P25: =IF(SUMIF(data_주일!$B$11:$B$303,$B25,data_주일!T$11:T$303)>0,SUMIF(data_주일!$B$11:$B$303,$B25,data_주일!T$11:T$303),"") -> 25 | Q25: =IF(SUMIF(data_주일!$B$11:$B$303,$B25,data_주일!U$11:U$303)>0,SUMIF(data_주일!$B$11:$B$303,$B25,data_주일!U$11:U$303),"") -> 26
B26: 42 | C26: 구역 | D26: 재적29명 | E26: =IF(SUMIF(data_주일!$B$11:$B$303,$B26,data_주일!I$11:I$303)>0,SUMIF(data_주일!$B$11:$B$303,$B26,data_주일!I$11:I$303),"") -> 23 | F26: =IF(SUMIF(data_주일!$B$11:$B$303,$B26,data_주일!J$11:J$303)>0,SUMIF(data_주일!$B$11:$B$303,$B26,data_주일!J$11:J$303),"") -> 21 | G26: =IF(SUMIF(data_주일!$B$11:$B$303,$B26,data_주일!K$11:K$303)>0,SUMIF(data_주일!$B$11:$B$303,$B26,data_주일!K$11:K$303),"") -> 20 | H26: =IF(SUMIF(data_주일!$B$11:$B$303,$B26,data_주일!L$11:L$303)>0,SUMIF(data_주일!$B$11:$B$303,$B26,data_주일!L$11:L$303),"") -> 23 | I26: =IF(SUMIF(data_주일!$B$11:$B$303,$B26,data_주일!M$11:M$303)>0,SUMIF(data_주일!$B$11:$B$303,$B26,data_주일!M$11:M$303),"") -> 26 | J26: =IF(SUMIF(data_주일!$B$11:$B$303,$B26,data_주일!N$11:N$303)>0,SUMIF(data_주일!$B$11:$B$303,$B26,data_주일!N$11:N$303),"") -> 20 | K26: =ROUNDDOWN(AVERAGE(E26:J26),0) -> 22 | L26: =IF(SUMIF(data_주일!$B$11:$B$303,$B26,data_주일!P$11:P$303)>0,SUMIF(data_주일!$B$11:$B$303,$B26,data_주일!P$11:P$303),"") -> 22 | M26: =IF(SUMIF(data_주일!$B$11:$B$303,$B26,data_주일!Q$11:Q$303)>0,SUMIF(data_주일!$B$11:$B$303,$B26,data_주일!Q$11:Q$303),"") -> 23 | N26: =IF(SUMIF(data_주일!$B$11:$B$303,$B26,data_주일!R$11:R$303)>0,SUMIF(data_주일!$B$11:$B$303,$B26,data_주일!R$11:R$303),"") -> 22 | O26: =IF(SUMIF(data_주일!$B$11:$B$303,$B26,data_주일!S$11:S$303)>0,SUMIF(data_주일!$B$11:$B$303,$B26,data_주일!S$11:S$303),"") -> 20 | P26: =IF(SUMIF(data_주일!$B$11:$B$303,$B26,data_주일!T$11:T$303)>0,SUMIF(data_주일!$B$11:$B$303,$B26,data_주일!T$11:T$303),"") -> 22 | Q26: =IF(SUMIF(data_주일!$B$11:$B$303,$B26,data_주일!U$11:U$303)>0,SUMIF(data_주일!$B$11:$B$303,$B26,data_주일!U$11:U$303),"") -> 22
B27: 43 | C27: 구역 | D27: 재적34명 | E27: =IF(SUMIF(data_주일!$B$11:$B$303,$B27,data_주일!I$11:I$303)>0,SUMIF(data_주일!$B$11:$B$303,$B27,data_주일!I$11:I$303),"") -> 22 | F27: =IF(SUMIF(data_주일!$B$11:$B$303,$B27,data_주일!J$11:J$303)>0,SUMIF(data_주일!$B$11:$B$303,$B27,data_주일!J$11:J$303),"") -> 23 | G27: =IF(SUMIF(data_주일!$B$11:$B$303,$B27,data_주일!K$11:K$303)>0,SUMIF(data_주일!$B$11:$B$303,$B27,data_주일!K$11:K$303),"") -> 22 | H27: =IF(SUMIF(data_주일!$B$11:$B$303,$B27,data_주일!L$11:L$303)>0,SUMIF(data_주일!$B$11:$B$303,$B27,data_주일!L$11:L$303),"") -> 25 | I27: =IF(SUMIF(data_주일!$B$11:$B$303,$B27,data_주일!M$11:M$303)>0,SUMIF(data_주일!$B$11:$B$303,$B27,data_주일!M$11:M$303),"") -> 24 | J27: =IF(SUMIF(data_주일!$B$11:$B$303,$B27,data_주일!N$11:N$303)>0,SUMIF(data_주일!$B$11:$B$303,$B27,data_주일!N$11:N$303),"") -> 20 | K27: =ROUNDDOWN(AVERAGE(E27:J27),0) -> 22 | L27: =IF(SUMIF(data_주일!$B$11:$B$303,$B27,data_주일!P$11:P$303)>0,SUMIF(data_주일!$B$11:$B$303,$B27,data_주일!P$11:P$303),"") -> 21 | M27: =IF(SUMIF(data_주일!$B$11:$B$303,$B27,data_주일!Q$11:Q$303)>0,SUMIF(data_주일!$B$11:$B$303,$B27,data_주일!Q$11:Q$303),"") -> 25 | N27: =IF(SUMIF(data_주일!$B$11:$B$303,$B27,data_주일!R$11:R$303)>0,SUMIF(data_주일!$B$11:$B$303,$B27,data_주일!R$11:R$303),"") -> 23 | O27: =IF(SUMIF(data_주일!$B$11:$B$303,$B27,data_주일!S$11:S$303)>0,SUMIF(data_주일!$B$11:$B$303,$B27,data_주일!S$11:S$303),"") -> 26 | P27: =IF(SUMIF(data_주일!$B$11:$B$303,$B27,data_주일!T$11:T$303)>0,SUMIF(data_주일!$B$11:$B$303,$B27,data_주일!T$11:T$303),"") -> 23 | Q27: =IF(SUMIF(data_주일!$B$11:$B$303,$B27,data_주일!U$11:U$303)>0,SUMIF(data_주일!$B$11:$B$303,$B27,data_주일!U$11:U$303),"") -> 21
A28: 유초 | E28: 10 | F28: 11 | G28: 12 | H28: 14 | I28: 10 | J28: 8 | K28: =ROUNDDOWN(AVERAGE(E28:J28),0) -> 10 | L28: 9 | M28: 9 | N28: 12 | O28: 11 | P28: 10 | Q28: 9
A29: 중고 | E29: 25 | F29: 21 | G29: 22 | H29: 22 | I29: 21 | J29: 23 | K29: =ROUNDDOWN(AVERAGE(E29:J29),0) -> 22 | L29: 20 | M29: 17 | N29: 20 | O29: 20 | P29: 20 | Q29: 20
A30: 합계 | E30: =SUM(E17,E28,E29) -> 244 | F30: =SUM(F17,F28,F29) -> 246 | G30: =SUM(G17,G28,G29) -> 251 | H30: =SUM(H17,H28,H29) -> 265 | I30: =SUM(I17,I28,I29) -> 245 | J30: =SUM(J17,J28,J29) -> 247 | K30: =SUM(K17,K28,K29) -> 244 | L30: =SUM(L17,L28,L29) -> 238 | ... Q30: =SUM(Q17,Q28,Q29) -> 242
A31: ※ 2월15일 은 설 명절 관계로 평균값(1월4일~2월8일) 입력
A32: ※ 유초등부, 중고등부는 별도 파악하여 입력

Sheet 26년4~5월
A13: 구분 | D13: 날짜 | E13: 45752 | F13: 45759 | G13: 45766 | H13: 45773 | I13: 45780 | J13: 45787 | K13: 45794 | L13: 45801
A14: 성인 | E14: =SUMIF(data_주일!V$11:V$303,1,data_주일!V$11:V$303) -> 197 | F14: =SUMIF(data_주일!W$11:W$303,1,data_주일!W$11:W$303) -> 193 | G14: =SUMIF(data_주일!X$11:X$303,1,data_주일!X$11:X$303) -> 216 | H14: =SUMIF(data_주일!Y$11:Y$303,1,data_주일!Y$11:Y$303) -> 212 | I14: =SUMIF(data_주일!Z$11:Z$303,1,data_주일!Z$11:Z$303) -> 201 | J14: =SUMIF(data_주일!AA$11:AA$303,1,data_주일!AA$11:AA$303) -> 198 | K14: =SUMIF(data_주일!AB$11:AB$303,1,data_주일!AB$11:AB$303) -> 212 | L14: =SUMIF(data_주일!AC$11:AC$303,1,data_주일!AC$11:AC$303) -> 210
B15: 11 | C15: 구역 | D15: 재적39명 | E15: =IF(SUMIF(data_주일!$B$11:$B$303,$B15,data_주일!V$11:V$303)>0,SUMIF(data_주일!$B$11:$B$303,$B15,data_주일!V$11:V$303),"") -> 28 | F15: =IF(SUMIF(data_주일!$B$11:$B$303,$B15,data_주일!W$11:W$303)>0,SUMIF(data_주일!$B$11:$B$303,$B15,data_주일!W$11:W$303),"") -> 16 | G15: =IF(SUMIF(data_주일!$B$11:$B$303,$B15,data_주일!X$11:X$303)>0,SUMIF(data_주일!$B$11:$B$303,$B15,data_주일!X$11:X$303),"") -> 29 | H15: =IF(SUMIF(data_주일!$B$11:$B$303,$B15,data_주일!Y$11:Y$303)>0,SUMIF(data_주일!$B$11:$B$303,$B15,data_주일!Y$11:Y$303),"") -> 26 | I15: =IF(SUMIF(data_주일!$B$11:$B$303,$B15,data_주일!Z$11:Z$303)>0,SUMIF(data_주일!$B$11:$B$303,$B15,data_주일!Z$11:Z$303),"") -> 24 | J15: =IF(SUMIF(data_주일!$B$11:$B$303,$B15,data_주일!AA$11:AA$303)>0,SUMIF(data_주일!$B$11:$B$303,$B15,data_주일!AA$11:AA$303),"") -> 28 | K15: =IF(SUMIF(data_주일!$B$11:$B$303,$B15,data_주일!AB$11:AB$303)>0,SUMIF(data_주일!$B$11:$B$303,$B15,data_주일!AB$11:AB$303),"") -> 22 | L15: =IF(SUMIF(data_주일!$B$11:$B$303,$B15,data_주일!AC$11:AC$303)>0,SUMIF(data_주일!$B$11:$B$303,$B15,data_주일!AC$11:AC$303),"") -> 27
B16: 12 | C16: 구역 | D16: 재적27명 | E16: =IF(SUMIF(data_주일!$B$11:$B$303,$B16,data_주일!V$11:V$303)>0,SUMIF(data_주일!$B$11:$B$303,$B16,data_주일!V$11:V$303),"") -> 22 | F16: =IF(SUMIF(data_주일!$B$11:$B$303,$B16,data_주일!W$11:W$303)>0,SUMIF(data_주일!$B$11:$B$303,$B16,data_주일!W$11:W$303),"") -> 24 | G16: =IF(SUMIF(data_주일!$B$11:$B$303,$B16,data_주일!X$11:X$303)>0,SUMIF(data_주일!$B$11:$B$303,$B16,data_주일!X$11:X$303),"") -> 23 | H16: =IF(SUMIF(data_주일!$B$11:$B$303,$B16,data_주일!Y$11:Y$303)>0,SUMIF(data_주일!$B$11:$B$303,$B16,data_주일!Y$11:Y$303),"") -> 26 | I16: =IF(SUMIF(data_주일!$B$11:$B$303,$B16,data_주일!Z$11:Z$303)>0,SUMIF(data_주일!$B$11:$B$303,$B16,data_주일!Z$11:Z$303),"") -> 27 | J16: =IF(SUMIF(data_주일!$B$11:$B$303,$B16,data_주일!AA$11:AA$303)>0,SUMIF(data_주일!$B$11:$B$303,$B16,data_주일!AA$11:AA$303),"") -> 24 | K16: =IF(SUMIF(data_주일!$B$11:$B$303,$B16,data_주일!AB$11:AB$303)>0,SUMIF(data_주일!$B$11:$B$303,$B16,data_주일!AB$11:AB$303),"") -> 26 | L16: =IF(SUMIF(data_주일!$B$11:$B$303,$B16,data_주일!AC$11:AC$303)>0,SUMIF(data_주일!$B$11:$B$303,$B16,data_주일!AC$11:AC$303),"") -> 26
B17: 21 | C17: 구역 | D17: 재적31명 | E17: =IF(SUMIF(data_주일!$B$11:$B$303,$B17,data_주일!V$11:V$303)>0,SUMIF(data_주일!$B$11:$B$303,$B17,data_주일!V$11:V$303),"") -> 23 | F17: =IF(SUMIF(data_주일!$B$11:$B$303,$B17,data_주일!W$11:W$303)>0,SUMIF(data_주일!$B$11:$B$303,$B17,data_주일!W$11:W$303),"") -> 23 | G17: =IF(SUMIF(data_주일!$B$11:$B$303,$B17,data_주일!X$11:X$303)>0,SUMIF(data_주일!$B$11:$B$303,$B17,data_주일!X$11:X$303),"") -> 26 | H17: =IF(SUMIF(data_주일!$B$11:$B$303,$B17,data_주일!Y$11:Y$303)>0,SUMIF(data_주일!$B$11:$B$303,$B17,data_주일!Y$11:Y$303),"") -> 22 | I17: =IF(SUMIF(data_주일!$B$11:$B$303,$B17,data_주일!Z$11:Z$303)>0,SUMIF(data_주일!$B$11:$B$303,$B17,data_주일!Z$11:Z$303),"") -> 17 | J17: =IF(SUMIF(data_주일!$B$11:$B$303,$B17,data_주일!AA$11:AA$303)>0,SUMIF(data_주일!$B$11:$B$303,$B17,data_주일!AA$11:AA$303),"") -> 20 | K17: =IF(SUMIF(data_주일!$B$11:$B$303,$B17,data_주일!AB$11:AB$303)>0,SUMIF(data_주일!$B$11:$B$303,$B17,data_주일!AB$11:AB$303),"") -> 23 | L17: =IF(SUMIF(data_주일!$B$11:$B$303,$B17,data_주일!AC$11:AC$303)>0,SUMIF(data_주일!$B$11:$B$303,$B17,data_주일!AC$11:AC$303),"") -> 19
B18: 22 | C18: 구역 | D18: 재적23명 | E18: =IF(SUMIF(data_주일!$B$11:$B$303,$B18,data_주일!V$11:V$303)>0,SUMIF(data_주일!$B$11:$B$303,$B18,data_주일!V$11:V$303),"") -> 15 | F18: =IF(SUMIF(data_주일!$B$11:$B$303,$B18,data_주일!W$11:W$303)>0,SUMIF(data_주일!$B$11:$B$303,$B18,data_주일!W$11:W$303),"") -> 19 | G18: =IF(SUMIF(data_주일!$B$11:$B$303,$B18,data_주일!X$11:X$303)>0,SUMIF(data_주일!$B$11:$B$303,$B18,data_주일!X$11:X$303),"") -> 19 | H18: =IF(SUMIF(data_주일!$B$11:$B$303,$B18,data_주일!Y$11:Y$303)>0,SUMIF(data_주일!$B$11:$B$303,$B18,data_주일!Y$11:Y$303),"") -> 14 | I18: =IF(SUMIF(data_주일!$B$11:$B$303,$B18,data_주일!Z$11:Z$303)>0,SUMIF(data_주일!$B$11:$B$303,$B18,data_주일!Z$11:Z$303),"") -> 18 | J18: =IF(SUMIF(data_주일!$B$11:$B$303,$B18,data_주일!AA$11:AA$303)>0,SUMIF(data_주일!$B$11:$B$303,$B18,data_주일!AA$11:AA$303),"") -> 15 | K18: =IF(SUMIF(data_주일!$B$11:$B$303,$B18,data_주일!AB$11:AB$303)>0,SUMIF(data_주일!$B$11:$B$303,$B18,data_주일!AB$11:AB$303),"") -> 17 | L18: =IF(SUMIF(data_주일!$B$11:$B$303,$B18,data_주일!AC$11:AC$303)>0,SUMIF(data_주일!$B$11:$B$303,$B18,data_주일!AC$11:AC$303),"") -> 17
B19: 31 | C19: 구역 | D19: 재적35명 | E19: =IF(SUMIF(data_주일!$B$11:$B$303,$B19,data_주일!V$11:V$303)>0,SUMIF(data_주일!$B$11:$B$303,$B19,data_주일!V$11:V$303),"") -> 21 | F19: =IF(SUMIF(data_주일!$B$11:$B$303,$B19,data_주일!W$11:W$303)>0,SUMIF(data_주일!$B$11:$B$303,$B19,data_주일!W$11:W$303),"") -> 25 | G19: =IF(SUMIF(data_주일!$B$11:$B$303,$B19,data_주일!X$11:X$303)>0,SUMIF(data_주일!$B$11:$B$303,$B19,data_주일!X$11:X$303),"") -> 25 | H19: =IF(SUMIF(data_주일!$B$11:$B$303,$B19,data_주일!Y$11:Y$303)>0,SUMIF(data_주일!$B$11:$B$303,$B19,data_주일!Y$11:Y$303),"") -> 26 | I19: =IF(SUMIF(data_주일!$B$11:$B$303,$B19,data_주일!Z$11:Z$303)>0,SUMIF(data_주일!$B$11:$B$303,$B19,data_주일!Z$11:Z$303),"") -> 20 | J19: =IF(SUMIF(data_주일!$B$11:$B$303,$B19,data_주일!AA$11:AA$303)>0,SUMIF(data_주일!$B$11:$B$303,$B19,data_주일!AA$11:AA$303),"") -> 20 | K19: =IF(SUMIF(data_주일!$B$11:$B$303,$B19,data_주일!AB$11:AB$303)>0,SUMIF(data_주일!$B$11:$B$303,$B19,data_주일!AB$11:AB$303),"") -> 22 | L19: =IF(SUMIF(data_주일!$B$11:$B$303,$B19,data_주일!AC$11:AC$303)>0,SUMIF(data_주일!$B$11:$B$303,$B19,data_주일!AC$11:AC$303),"") -> 22
B20: 32 | C20: 구역 | D20: 재적28명 | E20: =IF(SUMIF(data_주일!$B$11:$B$303,$B20,data_주일!V$11:V$303)>0,SUMIF(data_주일!$B$11:$B$303,$B20,data_주일!V$11:V$303),"") -> 23 | F20: =IF(SUMIF(data_주일!$B$11:$B$303,$B20,data_주일!W$11:W$303)>0,SUMIF(data_주일!$B$11:$B$303,$B20,data_주일!W$11:W$303),"") -> 24 | G20: =IF(SUMIF(data_주일!$B$11:$B$303,$B20,data_주일!X$11:X$303)>0,SUMIF(data_주일!$B$11:$B$303,$B20,data_주일!X$11:X$303),"") -> 24 | H20: =IF(SUMIF(data_주일!$B$11:$B$303,$B20,data_주일!Y$11:Y$303)>0,SUMIF(data_주일!$B$11:$B$303,$B20,data_주일!Y$11:Y$303),"") -> 23 | I20: =IF(SUMIF(data_주일!$B$11:$B$303,$B20,data_주일!Z$11:Z$303)>0,SUMIF(data_주일!$B$11:$B$303,$B20,data_주일!Z$11:Z$303),"") -> 21 | J20: =IF(SUMIF(data_주일!$B$11:$B$303,$B20,data_주일!AA$11:AA$303)>0,SUMIF(data_주일!$B$11:$B$303,$B20,data_주일!AA$11:AA$303),"") -> 22 | K20: =IF(SUMIF(data_주일!$B$11:$B$303,$B20,data_주일!AB$11:AB$303)>0,SUMIF(data_주일!$B$11:$B$303,$B20,data_주일!AB$11:AB$303),"") -> 24 | L20: =IF(SUMIF(data_주일!$B$11:$B$303,$B20,data_주일!AC$11:AC$303)>0,SUMIF(data_주일!$B$11:$B$303,$B20,data_주일!AC$11:AC$303),"") -> 25
B21: 33 | C21: 구역 | D21: 재적12명 | E21: =IF(SUMIF(data_주일!$B$11:$B$303,$B21,data_주일!V$11:V$303)>0,SUMIF(data_주일!$B$11:$B$303,$B21,data_주일!V$11:V$303),"") -> 1 | F21: =IF(SUMIF(data_주일!$B$11:$B$303,$B21,data_주일!W$11:W$303)>0,SUMIF(data_주일!$B$11:$B$303,$B21,data_주일!W$11:W$303),"") -> 5 | G21: =IF(SUMIF(data_주일!$B$11:$B$303,$B21,data_주일!X$11:X$303)>0,SUMIF(data_주일!$B$11:$B$303,$B21,data_주일!X$11:X$303),"") -> 6 | H21: =IF(SUMIF(data_주일!$B$11:$B$303,$B21,data_주일!Y$11:Y$303)>0,SUMIF(data_주일!$B$11:$B$303,$B21,data_주일!Y$11:Y$303),"") -> 6 | I21: =IF(SUMIF(data_주일!$B$11:$B$303,$B21,data_주일!Z$11:Z$303)>0,SUMIF(data_주일!$B$11:$B$303,$B21,data_주일!Z$11:Z$303),"") -> 2 | J21: =IF(SUMIF(data_주일!$B$11:$B$303,$B21,data_주일!AA$11:AA$303)>0,SUMIF(data_주일!$B$11:$B$303,$B21,data_주일!AA$11:AA$303),"") | K21: =IF(SUMIF(data_주일!$B$11:$B$303,$B21,data_주일!AB$11:AB$303)>0,SUMIF(data_주일!$B$11:$B$303,$B21,data_주일!AB$11:AB$303),"") -> 5 | L21: =IF(SUMIF(data_주일!$B$11:$B$303,$B21,data_주일!AC$11:AC$303)>0,SUMIF(data_주일!$B$11:$B$303,$B21,data_주일!AC$11:AC$303),"") -> 4
B22: 41 | C22: 구역 | D22: 재적30명 | E22: =IF(SUMIF(data_주일!$B$11:$B$303,$B22,data_주일!V$11:V$303)>0,SUMIF(data_주일!$B$11:$B$303,$B22,data_주일!V$11:V$303),"") -> 23 | F22: =IF(SUMIF(data_주일!$B$11:$B$303,$B22,data_주일!W$11:W$303)>0,SUMIF(data_주일!$B$11:$B$303,$B22,data_주일!W$11:W$303),"") -> 21 | G22: =IF(SUMIF(data_주일!$B$11:$B$303,$B22,data_주일!X$11:X$303)>0,SUMIF(data_주일!$B$11:$B$303,$B22,data_주일!X$11:X$303),"") -> 20 | H22: =IF(SUMIF(data_주일!$B$11:$B$303,$B22,data_주일!Y$11:Y$303)>0,SUMIF(data_주일!$B$11:$B$303,$B22,data_주일!Y$11:Y$303),"") -> 24 | I22: =IF(SUMIF(data_주일!$B$11:$B$303,$B22,data_주일!Z$11:Z$303)>0,SUMIF(data_주일!$B$11:$B$303,$B22,data_주일!Z$11:Z$303),"") -> 24 | J22: =IF(SUMIF(data_주일!$B$11:$B$303,$B22,data_주일!AA$11:AA$303)>0,SUMIF(data_주일!$B$11:$B$303,$B22,data_주일!AA$11:AA$303),"") -> 23 | K22: =IF(SUMIF(data_주일!$B$11:$B$303,$B22,data_주일!AB$11:AB$303)>0,SUMIF(data_주일!$B$11:$B$303,$B22,data_주일!AB$11:AB$303),"") -> 22 | L22: =IF(SUMIF(data_주일!$B$11:$B$303,$B22,data_주일!AC$11:AC$303)>0,SUMIF(data_주일!$B$11:$B$303,$B22,data_주일!AC$11:AC$303),"") -> 22
B23: 42 | C23: 구역 | D23: 재적29명 | E23: =IF(SUMIF(data_주일!$B$11:$B$303,$B23,data_주일!V$11:V$303)>0,SUMIF(data_주일!$B$11:$B$303,$B23,data_주일!V$11:V$303),"") -> 18 | F23: =IF(SUMIF(data_주일!$B$11:$B$303,$B23,data_주일!W$11:W$303)>0,SUMIF(data_주일!$B$11:$B$303,$B23,data_주일!W$11:W$303),"") -> 13 | G23: =IF(SUMIF(data_주일!$B$11:$B$303,$B23,data_주일!X$11:X$303)>0,SUMIF(data_주일!$B$11:$B$303,$B23,data_주일!X$11:X$303),"") -> 22 | H23: =IF(SUMIF(data_주일!$B$11:$B$303,$B23,data_주일!Y$11:Y$303)>0,SUMIF(data_주일!$B$11:$B$303,$B23,data_주일!Y$11:Y$303),"") -> 19 | I23: =IF(SUMIF(data_주일!$B$11:$B$303,$B23,data_주일!Z$11:Z$303)>0,SUMIF(data_주일!$B$11:$B$303,$B23,data_주일!Z$11:Z$303),"") -> 22 | J23: =IF(SUMIF(data_주일!$B$11:$B$303,$B23,data_주일!AA$11:AA$303)>0,SUMIF(data_주일!$B$11:$B$303,$B23,data_주일!AA$11:AA$303),"") -> 24 | K23: =IF(SUMIF(data_주일!$B$11:$B$303,$B23,data_주일!AB$11:AB$303)>0,SUMIF(data_주일!$B$11:$B$303,$B23,data_주일!AB$11:AB$303),"") -> 23 | L23: =IF(SUMIF(data_주일!$B$11:$B$303,$B23,data_주일!AC$11:AC$303)>0,SUMIF(data_주일!$B$11:$B$303,$B23,data_주일!AC$11:AC$303),"") -> 23
B24: 43 | C24: 구역 | D24: 재적34명 | E24: =IF(SUMIF(data_주일!$B$11:$B$303,$B24,data_주일!V$11:V$303)>0,SUMIF(data_주일!$B$11:$B$303,$B24,data_주일!V$11:V$303),"") -> 23 | F24: =IF(SUMIF(data_주일!$B$11:$B$303,$B24,data_주일!W$11:W$303)>0,SUMIF(data_주일!$B$11:$B$303,$B24,data_주일!W$11:W$303),"") -> 23 | G24: =IF(SUMIF(data_주일!$B$11:$B$303,$B24,data_주일!X$11:X$303)>0,SUMIF(data_주일!$B$11:$B$303,$B24,data_주일!X$11:X$303),"") -> 22 | H24: =IF(SUMIF(data_주일!$B$11:$B$303,$B24,data_주일!Y$11:Y$303)>0,SUMIF(data_주일!$B$11:$B$303,$B24,data_주일!Y$11:Y$303),"") -> 26 | I24: =IF(SUMIF(data_주일!$B$11:$B$303,$B24,data_주일!Z$11:Z$303)>0,SUMIF(data_주일!$B$11:$B$303,$B24,data_주일!Z$11:Z$303),"") -> 26 | J24: =IF(SUMIF(data_주일!$B$11:$B$303,$B24,data_주일!AA$11:AA$303)>0,SUMIF(data_주일!$B$11:$B$303,$B24,data_주일!AA$11:AA$303),"") -> 22 | K24: =IF(SUMIF(data_주일!$B$11:$B$303,$B24,data_주일!AB$11:AB$303)>0,SUMIF(data_주일!$B$11:$B$303,$B24,data_주일!AB$11:AB$303),"") -> 28 | L24: =IF(SUMIF(data_주일!$B$11:$B$303,$B24,data_주일!AC$11:AC$303)>0,SUMIF(data_주일!$B$11:$B$303,$B24,data_주일!AC$11:AC$303),"") -> 25
A25: 유초 | E25: 10 | F25: 12 | G25: 11 | H25: 8 | I25: 8 | J25: 10 | K25: 11 | L25: 8
A26: 중고 | E26: 19 | F26: 21 | G26: 16 | H26: 16 | I26: 17 | J26: 20 | K26: 18 | L26: 17
A27: 합계 | E27: =SUM(E14,E25,E26) -> 226 | F27: =SUM(F14,F25,F26) -> 226 | G27: =SUM(G14,G25,G26) -> 243 | H27: =SUM(H14,H25,H26) -> 236 | I27: =SUM(I14,I25,I26) -> 226 | J27: =SUM(J14,J25,J26) -> 228 | K27: =SUM(K14,K25,K26) -> 241 | L27: =SUM(L14,L25,L26) -> 235
A28: ※ 유초등부, 중고등부는 별도 파악하여 입력
A39: 명단 | B39: 인도자 | D39: 구역 | E39: 45752 | F39: 45759 | G39: 45766 | H39: 45773 | I39: 45780 | J39: 45787 | K39: 45794 | L39: 45801
A40: =IF(data_주일!C309="","",data_주일!C309) -> 윤나영 | B40: =IF(data_주일!D309="","",data_주일!D309) -> 최경숙 | D40: =IF(data_주일!B309="","",data_주일!B309) -> 11 | E40: =IF(data_주일!V309=1,$A40,"") | F40: =IF(data_주일!W309=1,$A40,"") | G40: =IF(data_주일!X309=1,$A40,"") | H40: =IF(data_주일!Y309=1,$A40,"") | I40: =IF(data_주일!Z309=1,$A40,"") | J40: =IF(data_주일!AA309=1,$A40,"") | K40: =IF(data_주일!AB309=1,$A40,"") | L40: =IF(data_주일!AC309=1,$A40,"")
A41: =IF(data_주일!C310="","",data_주일!C310) -> 조미경 | B41: =IF(data_주일!D310="","",data_주일!D310) -> 서금자 | D41: =IF(data_주일!B310="","",data_주일!B310) -> 11 | E41: =IF(data_주일!V310=1,$A41,"") | F41: =IF(data_주일!W310=1,$A41,"") | G41: =IF(data_주일!X310=1,$A41,"") | H41: =IF(data_주일!Y310=1,$A41,"") | I41: =IF(data_주일!Z310=1,$A41,"") -> 조미경 | J41: =IF(data_주일!AA310=1,$A41,"") | K41: =IF(data_주일!AB310=1,$A41,"") | L41: =IF(data_주일!AC310=1,$A41,"")
A42: =IF(data_주일!C311="","",data_주일!C311) -> 차경은 | B42: =IF(data_주일!D311="","",data_주일!D311) -> 이지영 | D42: =IF(data_주일!B311="","",data_주일!B311) -> 11 | E42: =IF(data_주일!V311=1,$A42,"") | F42: =IF(data_주일!W311=1,$A42,"") | G42: =IF(data_주일!X311=1,$A42,"") | H42: =IF(data_주일!Y311=1,$A42,"") | I42: =IF(data_주일!Z311=1,$A42,"") -> 차경은 | J42: =IF(data_주일!AA311=1,$A42,"") | K42: =IF(data_주일!AB311=1,$A42,"") | L42: =IF(data_주일!AC311=1,$A42,"")
A43: =IF(data_주일!C312="","",data_주일!C312) -> 차미나 | B43: =IF(data_주일!D312="","",data_주일!D312) -> 이지영 | D43: =IF(data_주일!B312="","",data_주일!B312) -> 11 | E43: =IF(data_주일!V312=1,$A43,"") | F43: =IF(data_주일!W312=1,$A43,"") | G43: =IF(data_주일!X312=1,$A43,"") | H43: =IF(data_주일!Y312=1,$A43,"") | I43: =IF(data_주일!Z312=1,$A43,"") -> 차미나 | J43: =IF(data_주일!AA312=1,$A43,"") | K43: =IF(data_주일!AB312=1,$A43,"") | L43: =IF(data_주일!AC312=1,$A43,"")
A44: =IF(data_주일!C318="","",data_주일!C318) -> 신현금 | B44: =IF(data_주일!D318="","",data_주일!D318) -> 김재홍 | D44: =IF(data_주일!B318="","",data_주일!B318) -> 21 | E44: =IF(data_주일!V318=1,$A44,"") | F44: =IF(data_주일!W318=1,$A44,"") | G44: =IF(data_주일!X318=1,$A44,"") | H44: =IF(data_주일!Y318=1,$A44,"") | I44: =IF(data_주일!Z318=1,$A44,"") -> 신현금 | J44: =IF(data_주일!AA318=1,$A44,"") | K44: =IF(data_주일!AB318=1,$A44,"") -> 신현금 | L44: =IF(data_주일!AC318=1,$A44,"") -> 신현금
A45: =IF(data_주일!C319="","",data_주일!C319) -> 노정희 | B45: =IF(data_주일!D319="","",data_주일!D319) -> 박점숙 | D45: =IF(data_주일!B319="","",data_주일!B319) -> 21 | E45: =IF(data_주일!V319=1,$A45,"") | F45: =IF(data_주일!W319=1,$A45,"") | G45: =IF(data_주일!X319=1,$A45,"") | H45: =IF(data_주일!Y319=1,$A45,"") | I45: =IF(data_주일!Z319=1,$A45,"") -> 노정희 | J45: =IF(data_주일!AA319=1,$A45,"") | K45: =IF(data_주일!AB319=1,$A45,"") -> 노정희 | L45: =IF(data_주일!AC319=1,$A45,"") -> 노정희
A46: =IF(data_주일!C321="","",data_주일!C321) -> 김창명 | B46: =IF(data_주일!D321="","",data_주일!D321) -> 배미숙 | D46: =IF(data_주일!B321="","",data_주일!B321) -> 22 | E46: =IF(data_주일!V321=1,$A46,"") -> 김창명 | F46: =IF(data_주일!W321=1,$A46,"") | G46: =IF(data_주일!X321=1,$A46,"") | H46: =IF(data_주일!Y321=1,$A46,"") -> 김창명 | I46: =IF(data_주일!Z321=1,$A46,"") -> 김창명 | J46: =IF(data_주일!AA321=1,$A46,"") | K46: =IF(data_주일!AB321=1,$A46,"") -> 김창명 | L46: =IF(data_주일!AC321=1,$A46,"")
A47: =IF(data_주일!C323="","",data_주일!C323) -> 이경옥 | B47: =IF(data_주일!D323="","",data_주일!D323) -> 배미숙 | D47: =IF(data_주일!B323="","",data_주일!B323) -> 22 | E47: =IF(data_주일!V323=1,$A47,"") | F47: =IF(data_주일!W323=1,$A47,"") | G47: =IF(data_주일!X323=1,$A47,"") | H47: =IF(data_주일!Y323=1,$A47,"") | I47: =IF(data_주일!Z323=1,$A47,"") -> 이경옥 | J47: =IF(data_주일!AA323=1,$A47,"") | K47: =IF(data_주일!AB323=1,$A47,"") | L47: =IF(data_주일!AC323=1,$A47,"") -> 이경옥
A48: =IF(data_주일!C325="","",data_주일!C325) -> 정니영 | B48: =IF(data_주일!D325="","",data_주일!D325) -> 박미옥 | D48: =IF(data_주일!B325="","",data_주일!B325) -> 22 | E48: =IF(data_주일!V325=1,$A48,"") | F48: =IF(data_주일!W325=1,$A48,"") | G48: =IF(data_주일!X325=1,$A48,"") | H48: =IF(data_주일!Y325=1,$A48,"") | I48: =IF(data_주일!Z325=1,$A48,"") | J48: =IF(data_주일!AA325=1,$A48,"") | K48: =IF(data_주일!AB325=1,$A48,"") | L48: =IF(data_주일!AC325=1,$A48,"") -> 정니영
A49: =IF(data_주일!C326="","",data_주일!C326) -> 김명선 | B49: =IF(data_주일!D326="","",data_주일!D326) -> 김명선 | D49: =IF(data_주일!B326="","",data_주일!B326) -> 31 | E49: =IF(data_주일!V326=1,$A49,"") | F49: =IF(data_주일!W326=1,$A49,"") | G49: =IF(data_주일!X326=1,$A49,"") | H49: =IF(data_주일!Y326=1,$A49,"") | I49: =IF(data_주일!Z326=1,$A49,"") -> 김명선 | J49: =IF(data_주일!AA326=1,$A49,"") -> 김명선 | K49: =IF(data_주일!AB326=1,$A49,"") -> 김명선 | L49: =IF(data_주일!AC326=1,$A49,"") -> 김명선
A50: =IF(data_주일!C328="","",data_주일!C328) -> 정양선 | B50: =IF(data_주일!D328="","",data_주일!D328) -> 이미화 | D50: =IF(data_주일!B328="","",data_주일!B328) -> 32 | E50: =IF(data_주일!V328=1,$A50,"") | F50: =IF(data_주일!W328=1,$A50,"") | G50: =IF(data_주일!X328=1,$A50,"") | H50: =IF(data_주일!Y328=1,$A50,"") | I50: =IF(data_주일!Z328=1,$A50,"") -> 정양선 | J50: =IF(data_주일!AA328=1,$A50,"") -> 정양선 | K50: =IF(data_주일!AB328=1,$A50,"") | L50: =IF(data_주일!AC328=1,$A50,"")
A51: =IF(data_주일!C329="","",data_주일!C329) -> 최영욱 | B51: =IF(data_주일!D329="","",data_주일!D329) -> 최명희 | D51: =IF(data_주일!B329="","",data_주일!B329) -> 32 | E51: =IF(data_주일!V329=1,$A51,"") | F51: =IF(data_주일!W329=1,$A51,"") | G51: =IF(data_주일!X329=1,$A51,"") | H51: =IF(data_주일!Y329=1,$A51,"") | I51: =IF(data_주일!Z329=1,$A51,"") | J51: =IF(data_주일!AA329=1,$A51,"") | K51: =IF(data_주일!AB329=1,$A51,"") | L51: =IF(data_주일!AC329=1,$A51,"")
A52: =IF(data_주일!C330="","",data_주일!C330) -> 최명희 | B52: =IF(data_주일!D330="","",data_주일!D330) -> 윤영희 | D52: =IF(data_주일!B330="","",data_주일!B330) -> 32 | E52: =IF(data_주일!V330=1,$A52,"") | F52: =IF(data_주일!W330=1,$A52,"") | G52: =IF(data_주일!X330=1,$A52,"") | H52: =IF(data_주일!Y330=1,$A52,"") | I52: =IF(data_주일!Z330=1,$A52,"") | J52: =IF(data_주일!AA330=1,$A52,"") | K52: =IF(data_주일!AB330=1,$A52,"") | L52: =IF(data_주일!AC330=1,$A52,"")
A53: =IF(data_주일!C331="","",data_주일!C331) -> 이예인 | B53: =IF(data_주일!D331="","",data_주일!D331) -> 오은경 | D53: =IF(data_주일!B331="","",data_주일!B331) -> 32 | E53: =IF(data_주일!V331=1,$A53,"") | F53: =IF(data_주일!W331=1,$A53,"") | G53: =IF(data_주일!X331=1,$A53,"") | H53: =IF(data_주일!Y331=1,$A53,"") | I53: =IF(data_주일!Z331=1,$A53,"") | J53: =IF(data_주일!AA331=1,$A53,"") | K53: =IF(data_주일!AB331=1,$A53,"") | L53: =IF(data_주일!AC331=1,$A53,"") -> 이예인
A54: =IF(data_주일!C332="","",data_주일!C332) -> 오상진 | B54: =IF(data_주일!D332="","",data_주일!D332) -> 최명희 | D54: =IF(data_주일!B332="","",data_주일!B332) -> 32 | E54: =IF(data_주일!V332=1,$A54,"") | F54: =IF(data_주일!W332=1,$A54,"") | G54: =IF(data_주일!X332=1,$A54,"") | H54: =IF(data_주일!Y332=1,$A54,"") | I54: =IF(data_주일!Z332=1,$A54,"") | J54: =IF(data_주일!AA332=1,$A54,"") | K54: =IF(data_주일!AB332=1,$A54,"") | L54: =IF(data_주일!AC332=1,$A54,"") -> 오상진
A55: =IF(data_주일!C335="","",data_주일!C335) -> 김예솔 | B55: =IF(data_주일!D335="","",data_주일!D335) -> 백종애 | D55: =IF(data_주일!B335="","",data_주일!B335) -> 41 | E55: =IF(data_주일!V335=1,$A55,"") | F55: =IF(data_주일!W335=1,$A55,"") | G55: =IF(data_주일!X335=1,$A55,"") | H55: =IF(data_주일!Y335=1,$A55,"") | I55: =IF(data_주일!Z335=1,$A55,"") -> 김예솔 | J55: =IF(data_주일!AA335=1,$A55,"") -> 김예솔 | K55: =IF(data_주일!AB335=1,$A55,"") -> 김예솔 | L55: =IF(data_주일!AC335=1,$A55,"") -> 김예솔
A56: =IF(data_주일!C336="","",data_주일!C336) -> 허수희 | B56: =IF(data_주일!D336="","",data_주일!D336) -> 이지영 | D56: =IF(data_주일!B336="","",data_주일!B336) -> 41 | E56: =IF(data_주일!V336=1,$A56,"") | F56: =IF(data_주일!W336=1,$A56,"") | G56: =IF(data_주일!X336=1,$A56,"") | H56: =IF(data_주일!Y336=1,$A56,"") | I56: =IF(data_주일!Z336=1,$A56,"") | J56: =IF(data_주일!AA336=1,$A56,"") | K56: =IF(data_주일!AB336=1,$A56,"") | L56: =IF(data_주일!AC336=1,$A56,"")
A57: =IF(data_주일!C337="","",data_주일!C337) -> 김성수 | B57: =IF(data_주일!D337="","",data_주일!D337) -> 박성찬 | D57: =IF(data_주일!B337="","",data_주일!B337) -> 42 | E57: =IF(data_주일!V337=1,$A57,"") | F57: =IF(data_주일!W337=1,$A57,"") | G57: =IF(data_주일!X337=1,$A57,"") | H57: =IF(data_주일!Y337=1,$A57,"") | I57: =IF(data_주일!Z337=1,$A57,"") | J57: =IF(data_주일!AA337=1,$A57,"") | K57: =IF(data_주일!AB337=1,$A57,"") | L57: =IF(data_주일!AC337=1,$A57,"")
A58: =IF(data_주일!C338="","",data_주일!C338) -> 이남경 | B58: =IF(data_주일!D338="","",data_주일!D338) -> 김성수 | D58: =IF(data_주일!B338="","",data_주일!B338) -> 42 | E58: =IF(data_주일!V338=1,$A58,"") | F58: =IF(data_주일!W338=1,$A58,"") | G58: =IF(data_주일!X338=1,$A58,"") | H58: =IF(data_주일!Y338=1,$A58,"") | I58: =IF(data_주일!Z338=1,$A58,"") | J58: =IF(data_주일!AA338=1,$A58,"") | K58: =IF(data_주일!AB338=1,$A58,"") | L58: =IF(data_주일!AC338=1,$A58,"")
A59: =IF(data_주일!C339="","",data_주일!C339) -> 김광홍 | B59: =IF(data_주일!D339="","",data_주일!D339) -> 서영석 | D59: =IF(data_주일!B339="","",data_주일!B339) -> 43 | E59: =IF(data_주일!V339=1,$A59,"") | F59: =IF(data_주일!W339=1,$A59,"") | G59: =IF(data_주일!X339=1,$A59,"") | H59: =IF(data_주일!Y339=1,$A59,"") | I59: =IF(data_주일!Z339=1,$A59,"") | J59: =IF(data_주일!AA339=1,$A59,"") | K59: =IF(data_주일!AB339=1,$A59,"") | L59: =IF(data_주일!AC339=1,$A59,"")
A60: =IF(data_주일!C340="","",data_주일!C340) | B60: =IF(data_주일!D340="","",data_주일!D340) | D60: =IF(data_주일!B340="","",data_주일!B340) | E60: =IF(data_주일!V340=1,$A60,"") | F60: =IF(data_주일!W340=1,$A60,"") | G60: =IF(data_주일!X340=1,$A60,"") | H60: =IF(data_주일!Y340=1,$A60,"") | I60: =IF(data_주일!Z340=1,$A60,"") | J60: =IF(data_주일!AA340=1,$A60,"") | K60: =IF(data_주일!AB340=1,$A60,"") | L60: =IF(data_주일!AC340=1,$A60,"")
A61: 계 | E61: =COUNTA(E40:E55)-COUNTIF(E40:E55,"") -> 1 | F61: =COUNTA(F40:F55)-COUNTIF(F40:F55,"") -> 0 | G61: =COUNTA(G40:G55)-COUNTIF(G40:G55,"") -> 0 | H61: =COUNTA(H40:H55)-COUNTIF(H40:H55,"") -> 1 | I61: =COUNTA(I40:I55)-COUNTIF(I40:I55,"") -> 10 | J61: =COUNTA(J40:J55)-COUNTIF(J40:J55,"") -> 3 | K61: =COUNTA(K40:K55)-COUNTIF(K40:K55,"") -> 5 | L61: =COUNTA(L40:L55)-COUNTIF(L40:L55,"") -> 8
A62: ※ 새참자: 주소록에 등록되지 않은 분으로 주일에 성경강연회(인터넷) 말씀 또는 주일 말씀을 듣기위해 방문하신 분

Sheet 26년5~6월
C13: 구분 | F13: 날짜 | G13: 45752 | H13: 45759 | I13: 45766 | J13: 45773 | K13: 45780 | L13: 45787 | M13: 45794 | N13: 45801 | O13: 45808 | P13: 45815 | Q13: 45822 | R13: 45829 | S13: 45835 | T13: 한달 평균
C14: 성인 | F14: 288 | G14: =SUMIF(data_주일!V$11:V$303,1,data_주일!V$11:V$303) -> 197 | H14: =SUMIF(data_주일!W$11:W$303,1,data_주일!W$11:W$303) -> 193 | I14: =SUMIF(data_주일!X$11:X$303,1,data_주일!X$11:X$303) -> 216 | J14: =SUMIF(data_주일!Y$11:Y$303,1,data_주일!Y$11:Y$303) -> 212 | K14: =IF(SUMIF(data_주일!Z$11:Z$303,1,data_주일!Z$11:Z$303)>0,SUMIF(data_주일!Z$11:Z$303,1,data_주일!Z$11:Z$303),"") -> 201 | L14: =IF(SUMIF(data_주일!AA$11:AA$303,1,data_주일!AA$11:AA$303)>0,SUMIF(data_주일!AA$11:AA$303,1,data_주일!AA$11:AA$303),"") -> 198 | M14: =IF(SUMIF(data_주일!AB$11:AB$303,1,data_주일!AB$11:AB$303)>0,SUMIF(data_주일!AB$11:AB$303,1,data_주일!AB$11:AB$303),"") -> 212 | N14: =IF(SUMIF(data_주일!AC$11:AC$303,1,data_주일!AC$11:AC$303)>0,SUMIF(data_주일!AC$11:AC$303,1,data_주일!AC$11:AC$303),"") -> 210 | O14: =IF(SUMIF(data_주일!AD$11:AD$303,1,data_주일!AD$11:AD$303)>0,SUMIF(data_주일!AD$11:AD$303,1,data_주일!AD$11:AD$303),"") -> 206 | P14: =IF(SUMIF(data_주일!AE$11:AE$303,1,data_주일!AE$11:AE$303)>0,SUMIF(data_주일!AE$11:AE$303,1,data_주일!AE$11:AE$303),"") -> 215 | Q14: =IF(SUMIF(data_주일!AF$11:AF$303,1,data_주일!AF$11:AF$303)>0,SUMIF(data_주일!AF$11:AF$303,1,data_주일!AF$11:AF$303),"") -> 206 | R14: =IF(SUMIF(data_주일!AF$11:AF$303,1,data_주일!AF$11:AF$303)>0,SUMIF(data_주일!AF$11:AF$303,1,data_주일!AF$11:AF$303),"") -> 206 | S14: =IF(SUMIF(data_주일!AG$11:AG$303,1,data_주일!AG$11:AG$303)>0,SUMIF(data_주일!AG$11:AG$303,1,data_주일!AG$11:AG$303),"") -> 202 | T14: =AVERAGE(M14:Q14) -> 209.8
D15: 구역 | F15: 재적 | G15: =IFERROR(G14/$F$14,"") -> 0.68402778 | H15: =IFERROR(H14/$F$14,"") -> 0.67013889 | I15: =IFERROR(I14/$F$14,"") -> 0.75 | J15: =IFERROR(J14/$F$14,"") -> 0.73611111 | K15: =IFERROR(K14/$F$14,"") -> 0.69791667 | L15: =IFERROR(L14/$F$14,"") -> 0.6875 | M15: =IFERROR(M14/$F$14,"") -> 0.73611111 | N15: =IFERROR(N14/$F$14,"") -> 0.72916667 | ... S15: =IFERROR(S14/$F$14,"") -> 0.70138889 | T15: =AVERAGE(M15:Q15) -> 0.72847222
D16: 11 | F16: 39 | G16: =IF(SUMIF(data_주일!$B$11:$B$303,$D16,data_주일!V$11:V$303)>0,SUMIF(data_주일!$B$11:$B$303,$D16,data_주일!V$11:V$303),"") -> 28 | H16: =IF(SUMIF(data_주일!$B$11:$B$303,$D16,data_주일!W$11:W$303)>0,SUMIF(data_주일!$B$11:$B$303,$D16,data_주일!W$11:W$303),"") -> 16 | I16: =IF(SUMIF(data_주일!$B$11:$B$303,$D16,data_주일!X$11:X$303)>0,SUMIF(data_주일!$B$11:$B$303,$D16,data_주일!X$11:X$303),"") -> 29 | J16: =IF(SUMIF(data_주일!$B$11:$B$303,$D16,data_주일!Y$11:Y$303)>0,SUMIF(data_주일!$B$11:$B$303,$D16,data_주일!Y$11:Y$303),"") -> 26 | K16: =IF(SUMIF(data_주일!$B$11:$B$303,$D16,data_주일!Z$11:Z$303)>0,SUMIF(data_주일!$B$11:$B$303,$D16,data_주일!Z$11:Z$303),"") -> 24 | L16: =IF(SUMIF(data_주일!$B$11:$B$303,$D16,data_주일!AA$11:AA$303)>0,SUMIF(data_주일!$B$11:$B$303,$D16,data_주일!AA$11:AA$303),"") -> 28 | M16: =IF(SUMIF(data_주일!$B$11:$B$303,$D16,data_주일!AB$11:AB$303)>0,SUMIF(data_주일!$B$11:$B$303,$D16,data_주일!AB$11:AB$303),"") -> 22 | N16: =IF(SUMIF(data_주일!$B$11:$B$303,$D16,data_주일!AC$11:AC$303)>0,SUMIF(data_주일!$B$11:$B$303,$D16,data_주일!AC$11:AC$303),"") -> 27 | O16: =IF(SUMIF(data_주일!$B$11:$B$303,$D16,data_주일!AD$11:AD$303)>0,SUMIF(data_주일!$B$11:$B$303,$D16,data_주일!AD$11:AD$303),"") -> 25 | P16: =IF(SUMIF(data_주일!$B:$B,$D16,data_주일!AE$1:AE$303)>0,SUMIF(data_주일!$B:$B,$D16,data_주일!AE$1:AE$303),"") -> 28 | Q16: =IF(SUMIF(data_주일!$B:$B,$D16,data_주일!AF$1:AF$303)>0,SUMIF(data_주일!$B:$B,$D16,data_주일!AF$1:AF$303),"") -> 24 | R16: =IF(SUMIF(data_주일!$B:$B,$D16,data_주일!AF$1:AF$303)>0,SUMIF(data_주일!$B:$B,$D16,data_주일!AF$1:AF$303),"") -> 24 | S16: =IF(SUMIF(data_주일!$B:$B,$D16,data_주일!AG$1:AG$303)>0,SUMIF(data_주일!$B:$B,$D16,data_주일!AG$1:AG$303),"") -> 23 | T16: =AVERAGE(M16:Q16) -> 25.2
D17: 12 | F17: 27 | G17: =IF(SUMIF(data_주일!$B$11:$B$303,$D17,data_주일!V$11:V$303)>0,SUMIF(data_주일!$B$11:$B$303,$D17,data_주일!V$11:V$303),"") -> 22 | H17: =IF(SUMIF(data_주일!$B$11:$B$303,$D17,data_주일!W$11:W$303)>0,SUMIF(data_주일!$B$11:$B$303,$D17,data_주일!W$11:W$303),"") -> 24 | I17: =IF(SUMIF(data_주일!$B$11:$B$303,$D17,data_주일!X$11:X$303)>0,SUMIF(data_주일!$B$11:$B$303,$D17,data_주일!X$11:X$303),"") -> 23 | J17: =IF(SUMIF(data_주일!$B$11:$B$303,$D17,data_주일!Y$11:Y$303)>0,SUMIF(data_주일!$B$11:$B$303,$D17,data_주일!Y$11:Y$303),"") -> 26 | K17: =IF(SUMIF(data_주일!$B$11:$B$303,$D17,data_주일!Z$11:Z$303)>0,SUMIF(data_주일!$B$11:$B$303,$D17,data_주일!Z$11:Z$303),"") -> 27 | L17: =IF(SUMIF(data_주일!$B$11:$B$303,$D17,data_주일!AA$11:AA$303)>0,SUMIF(data_주일!$B$11:$B$303,$D17,data_주일!AA$11:AA$303),"") -> 24 | M17: =IF(SUMIF(data_주일!$B$11:$B$303,$D17,data_주일!AB$11:AB$303)>0,SUMIF(data_주일!$B$11:$B$303,$D17,data_주일!AB$11:AB$303),"") -> 26 | N17: =IF(SUMIF(data_주일!$B$11:$B$303,$D17,data_주일!AC$11:AC$303)>0,SUMIF(data_주일!$B$11:$B$303,$D17,data_주일!AC$11:AC$303),"") -> 26 | O17: =IF(SUMIF(data_주일!$B$11:$B$303,$D17,data_주일!AD$11:AD$303)>0,SUMIF(data_주일!$B$11:$B$303,$D17,data_주일!AD$11:AD$303),"") -> 23 | P17: =IF(SUMIF(data_주일!$B:$B,$D17,data_주일!AE$1:AE$303)>0,SUMIF(data_주일!$B:$B,$D17,data_주일!AE$1:AE$303),"") -> 26 | Q17: =IF(SUMIF(data_주일!$B:$B,$D17,data_주일!AF$1:AF$303)>0,SUMIF(data_주일!$B:$B,$D17,data_주일!AF$1:AF$303),"") -> 28 | R17: =IF(SUMIF(data_주일!$B:$B,$D17,data_주일!AF$1:AF$303)>0,SUMIF(data_주일!$B:$B,$D17,data_주일!AF$1:AF$303),"") -> 28 | S17: =IF(SUMIF(data_주일!$B:$B,$D17,data_주일!AG$1:AG$303)>0,SUMIF(data_주일!$B:$B,$D17,data_주일!AG$1:AG$303),"") -> 25 | T17: =AVERAGE(M17:Q17) -> 25.8
D18: 21 | F18: 30 | G18: =IF(SUMIF(data_주일!$B$11:$B$303,$D18,data_주일!V$11:V$303)>0,SUMIF(data_주일!$B$11:$B$303,$D18,data_주일!V$11:V$303),"") -> 23 | H18: =IF(SUMIF(data_주일!$B$11:$B$303,$D18,data_주일!W$11:W$303)>0,SUMIF(data_주일!$B$11:$B$303,$D18,data_주일!W$11:W$303),"") -> 23 | I18: =IF(SUMIF(data_주일!$B$11:$B$303,$D18,data_주일!X$11:X$303)>0,SUMIF(data_주일!$B$11:$B$303,$D18,data_주일!X$11:X$303),"") -> 26 | J18: =IF(SUMIF(data_주일!$B$11:$B$303,$D18,data_주일!Y$11:Y$303)>0,SUMIF(data_주일!$B$11:$B$303,$D18,data_주일!Y$11:Y$303),"") -> 22 | K18: =IF(SUMIF(data_주일!$B$11:$B$303,$D18,data_주일!Z$11:Z$303)>0,SUMIF(data_주일!$B$11:$B$303,$D18,data_주일!Z$11:Z$303),"") -> 17 | L18: =IF(SUMIF(data_주일!$B$11:$B$303,$D18,data_주일!AA$11:AA$303)>0,SUMIF(data_주일!$B$11:$B$303,$D18,data_주일!AA$11:AA$303),"") -> 20 | M18: =IF(SUMIF(data_주일!$B$11:$B$303,$D18,data_주일!AB$11:AB$303)>0,SUMIF(data_주일!$B$11:$B$303,$D18,data_주일!AB$11:AB$303),"") -> 23 | N18: =IF(SUMIF(data_주일!$B$11:$B$303,$D18,data_주일!AC$11:AC$303)>0,SUMIF(data_주일!$B$11:$B$303,$D18,data_주일!AC$11:AC$303),"") -> 19 | O18: =IF(SUMIF(data_주일!$B$11:$B$303,$D18,data_주일!AD$11:AD$303)>0,SUMIF(data_주일!$B$11:$B$303,$D18,data_주일!AD$11:AD$303),"") -> 22 | P18: =IF(SUMIF(data_주일!$B:$B,$D18,data_주일!AE$1:AE$303)>0,SUMIF(data_주일!$B:$B,$D18,data_주일!AE$1:AE$303),"") -> 22 | Q18: =IF(SUMIF(data_주일!$B:$B,$D18,data_주일!AF$1:AF$303)>0,SUMIF(data_주일!$B:$B,$D18,data_주일!AF$1:AF$303),"") -> 18 | R18: =IF(SUMIF(data_주일!$B:$B,$D18,data_주일!AF$1:AF$303)>0,SUMIF(data_주일!$B:$B,$D18,data_주일!AF$1:AF$303),"") -> 18 | S18: =IF(SUMIF(data_주일!$B:$B,$D18,data_주일!AG$1:AG$303)>0,SUMIF(data_주일!$B:$B,$D18,data_주일!AG$1:AG$303),"") -> 20 | T18: =AVERAGE(M18:Q18) -> 20.8
D19: 22 | F19: 23 | G19: =IF(SUMIF(data_주일!$B$11:$B$303,$D19,data_주일!V$11:V$303)>0,SUMIF(data_주일!$B$11:$B$303,$D19,data_주일!V$11:V$303),"") -> 15 | H19: =IF(SUMIF(data_주일!$B$11:$B$303,$D19,data_주일!W$11:W$303)>0,SUMIF(data_주일!$B$11:$B$303,$D19,data_주일!W$11:W$303),"") -> 19 | I19: =IF(SUMIF(data_주일!$B$11:$B$303,$D19,data_주일!X$11:X$303)>0,SUMIF(data_주일!$B$11:$B$303,$D19,data_주일!X$11:X$303),"") -> 19 | J19: =IF(SUMIF(data_주일!$B$11:$B$303,$D19,data_주일!Y$11:Y$303)>0,SUMIF(data_주일!$B$11:$B$303,$D19,data_주일!Y$11:Y$303),"") -> 14 | K19: =IF(SUMIF(data_주일!$B$11:$B$303,$D19,data_주일!Z$11:Z$303)>0,SUMIF(data_주일!$B$11:$B$303,$D19,data_주일!Z$11:Z$303),"") -> 18 | L19: =IF(SUMIF(data_주일!$B$11:$B$303,$D19,data_주일!AA$11:AA$303)>0,SUMIF(data_주일!$B$11:$B$303,$D19,data_주일!AA$11:AA$303),"") -> 15 | M19: =IF(SUMIF(data_주일!$B$11:$B$303,$D19,data_주일!AB$11:AB$303)>0,SUMIF(data_주일!$B$11:$B$303,$D19,data_주일!AB$11:AB$303),"") -> 17 | N19: =IF(SUMIF(data_주일!$B$11:$B$303,$D19,data_주일!AC$11:AC$303)>0,SUMIF(data_주일!$B$11:$B$303,$D19,data_주일!AC$11:AC$303),"") -> 17 | O19: =IF(SUMIF(data_주일!$B$11:$B$303,$D19,data_주일!AD$11:AD$303)>0,SUMIF(data_주일!$B$11:$B$303,$D19,data_주일!AD$11:AD$303),"") -> 19 | P19: =IF(SUMIF(data_주일!$B:$B,$D19,data_주일!AE$1:AE$303)>0,SUMIF(data_주일!$B:$B,$D19,data_주일!AE$1:AE$303),"") -> 17 | Q19: =IF(SUMIF(data_주일!$B:$B,$D19,data_주일!AF$1:AF$303)>0,SUMIF(data_주일!$B:$B,$D19,data_주일!AF$1:AF$303),"") -> 16 | R19: =IF(SUMIF(data_주일!$B:$B,$D19,data_주일!AF$1:AF$303)>0,SUMIF(data_주일!$B:$B,$D19,data_주일!AF$1:AF$303),"") -> 16 | S19: =IF(SUMIF(data_주일!$B:$B,$D19,data_주일!AG$1:AG$303)>0,SUMIF(data_주일!$B:$B,$D19,data_주일!AG$1:AG$303),"") -> 16 | T19: =AVERAGE(M19:Q19) -> 17.2
D20: 31 | F20: 35 | G20: =IF(SUMIF(data_주일!$B$11:$B$303,$D20,data_주일!V$11:V$303)>0,SUMIF(data_주일!$B$11:$B$303,$D20,data_주일!V$11:V$303),"") -> 21 | H20: =IF(SUMIF(data_주일!$B$11:$B$303,$D20,data_주일!W$11:W$303)>0,SUMIF(data_주일!$B$11:$B$303,$D20,data_주일!W$11:W$303),"") -> 25 | I20: =IF(SUMIF(data_주일!$B$11:$B$303,$D20,data_주일!X$11:X$303)>0,SUMIF(data_주일!$B$11:$B$303,$D20,data_주일!X$11:X$303),"") -> 25 | J20: =IF(SUMIF(data_주일!$B$11:$B$303,$D20,data_주일!Y$11:Y$303)>0,SUMIF(data_주일!$B$11:$B$303,$D20,data_주일!Y$11:Y$303),"") -> 26 | K20: =IF(SUMIF(data_주일!$B$11:$B$303,$D20,data_주일!Z$11:Z$303)>0,SUMIF(data_주일!$B$11:$B$303,$D20,data_주일!Z$11:Z$303),"") -> 20 | L20: =IF(SUMIF(data_주일!$B$11:$B$303,$D20,data_주일!AA$11:AA$303)>0,SUMIF(data_주일!$B$11:$B$303,$D20,data_주일!AA$11:AA$303),"") -> 20 | M20: =IF(SUMIF(data_주일!$B$11:$B$303,$D20,data_주일!AB$11:AB$303)>0,SUMIF(data_주일!$B$11:$B$303,$D20,data_주일!AB$11:AB$303),"") -> 22 | N20: =IF(SUMIF(data_주일!$B$11:$B$303,$D20,data_주일!AC$11:AC$303)>0,SUMIF(data_주일!$B$11:$B$303,$D20,data_주일!AC$11:AC$303),"") -> 22 | O20: =IF(SUMIF(data_주일!$B$11:$B$303,$D20,data_주일!AD$11:AD$303)>0,SUMIF(data_주일!$B$11:$B$303,$D20,data_주일!AD$11:AD$303),"") -> 27 | P20: =IF(SUMIF(data_주일!$B:$B,$D20,data_주일!AE$1:AE$303)>0,SUMIF(data_주일!$B:$B,$D20,data_주일!AE$1:AE$303),"") -> 29 | Q20: =IF(SUMIF(data_주일!$B:$B,$D20,data_주일!AF$1:AF$303)>0,SUMIF(data_주일!$B:$B,$D20,data_주일!AF$1:AF$303),"") -> 25 | R20: =IF(SUMIF(data_주일!$B:$B,$D20,data_주일!AF$1:AF$303)>0,SUMIF(data_주일!$B:$B,$D20,data_주일!AF$1:AF$303),"") -> 25 | S20: =IF(SUMIF(data_주일!$B:$B,$D20,data_주일!AG$1:AG$303)>0,SUMIF(data_주일!$B:$B,$D20,data_주일!AG$1:AG$303),"") -> 26 | T20: =AVERAGE(M20:Q20) -> 25
D21: 32 | F21: 28 | G21: =IF(SUMIF(data_주일!$B$11:$B$303,$D21,data_주일!V$11:V$303)>0,SUMIF(data_주일!$B$11:$B$303,$D21,data_주일!V$11:V$303),"") -> 23 | H21: =IF(SUMIF(data_주일!$B$11:$B$303,$D21,data_주일!W$11:W$303)>0,SUMIF(data_주일!$B$11:$B$303,$D21,data_주일!W$11:W$303),"") -> 24 | I21: =IF(SUMIF(data_주일!$B$11:$B$303,$D21,data_주일!X$11:X$303)>0,SUMIF(data_주일!$B$11:$B$303,$D21,data_주일!X$11:X$303),"") -> 24 | J21: =IF(SUMIF(data_주일!$B$11:$B$303,$D21,data_주일!Y$11:Y$303)>0,SUMIF(data_주일!$B$11:$B$303,$D21,data_주일!Y$11:Y$303),"") -> 23 | K21: =IF(SUMIF(data_주일!$B$11:$B$303,$D21,data_주일!Z$11:Z$303)>0,SUMIF(data_주일!$B$11:$B$303,$D21,data_주일!Z$11:Z$303),"") -> 21 | L21: =IF(SUMIF(data_주일!$B$11:$B$303,$D21,data_주일!AA$11:AA$303)>0,SUMIF(data_주일!$B$11:$B$303,$D21,data_주일!AA$11:AA$303),"") -> 22 | M21: =IF(SUMIF(data_주일!$B$11:$B$303,$D21,data_주일!AB$11:AB$303)>0,SUMIF(data_주일!$B$11:$B$303,$D21,data_주일!AB$11:AB$303),"") -> 24 | N21: =IF(SUMIF(data_주일!$B$11:$B$303,$D21,data_주일!AC$11:AC$303)>0,SUMIF(data_주일!$B$11:$B$303,$D21,data_주일!AC$11:AC$303),"") -> 25 | O21: =IF(SUMIF(data_주일!$B$11:$B$303,$D21,data_주일!AD$11:AD$303)>0,SUMIF(data_주일!$B$11:$B$303,$D21,data_주일!AD$11:AD$303),"") -> 21 | P21: =IF(SUMIF(data_주일!$B:$B,$D21,data_주일!AE$1:AE$303)>0,SUMIF(data_주일!$B:$B,$D21,data_주일!AE$1:AE$303),"") -> 25 | Q21: =IF(SUMIF(data_주일!$B:$B,$D21,data_주일!AF$1:AF$303)>0,SUMIF(data_주일!$B:$B,$D21,data_주일!AF$1:AF$303),"") -> 24 | R21: =IF(SUMIF(data_주일!$B:$B,$D21,data_주일!AF$1:AF$303)>0,SUMIF(data_주일!$B:$B,$D21,data_주일!AF$1:AF$303),"") -> 24 | S21: =IF(SUMIF(data_주일!$B:$B,$D21,data_주일!AG$1:AG$303)>0,SUMIF(data_주일!$B:$B,$D21,data_주일!AG$1:AG$303),"") -> 24 | T21: =AVERAGE(M21:Q21) -> 23.8
D22: 33 | F22: 12 | G22: =IF(SUMIF(data_주일!$B$11:$B$303,$D22,data_주일!V$11:V$303)>0,SUMIF(data_주일!$B$11:$B$303,$D22,data_주일!V$11:V$303),"") -> 1 | H22: =IF(SUMIF(data_주일!$B$11:$B$303,$D22,data_주일!W$11:W$303)>0,SUMIF(data_주일!$B$11:$B$303,$D22,data_주일!W$11:W$303),"") -> 5 | I22: =IF(SUMIF(data_주일!$B$11:$B$303,$D22,data_주일!X$11:X$303)>0,SUMIF(data_주일!$B$11:$B$303,$D22,data_주일!X$11:X$303),"") -> 6 | J22: =IF(SUMIF(data_주일!$B$11:$B$303,$D22,data_주일!Y$11:Y$303)>0,SUMIF(data_주일!$B$11:$B$303,$D22,data_주일!Y$11:Y$303),"") -> 6 | K22: =IF(SUMIF(data_주일!$B$11:$B$303,$D22,data_주일!Z$11:Z$303)>0,SUMIF(data_주일!$B$11:$B$303,$D22,data_주일!Z$11:Z$303),"") -> 2 | L22: =IF(SUMIF(data_주일!$B$11:$B$303,$D22,data_주일!AA$11:AA$303)>0,SUMIF(data_주일!$B$11:$B$303,$D22,data_주일!AA$11:AA$303),"") | M22: =IF(SUMIF(data_주일!$B$11:$B$303,$D22,data_주일!AB$11:AB$303)>0,SUMIF(data_주일!$B$11:$B$303,$D22,data_주일!AB$11:AB$303),"") -> 5 | N22: =IF(SUMIF(data_주일!$B$11:$B$303,$D22,data_주일!AC$11:AC$303)>0,SUMIF(data_주일!$B$11:$B$303,$D22,data_주일!AC$11:AC$303),"") -> 4 | O22: =IF(SUMIF(data_주일!$B$11:$B$303,$D22,data_주일!AD$11:AD$303)>0,SUMIF(data_주일!$B$11:$B$303,$D22,data_주일!AD$11:AD$303),"") -> 6 | P22: =IF(SUMIF(data_주일!$B:$B,$D22,data_주일!AE$1:AE$303)>0,SUMIF(data_주일!$B:$B,$D22,data_주일!AE$1:AE$303),"") -> 5 | Q22: =IF(SUMIF(data_주일!$B:$B,$D22,data_주일!AF$1:AF$303)>0,SUMIF(data_주일!$B:$B,$D22,data_주일!AF$1:AF$303),"") -> 5 | R22: =IF(SUMIF(data_주일!$B:$B,$D22,data_주일!AF$1:AF$303)>0,SUMIF(data_주일!$B:$B,$D22,data_주일!AF$1:AF$303),"") -> 5 | S22: =IF(SUMIF(data_주일!$B:$B,$D22,data_주일!AG$1:AG$303)>0,SUMIF(data_주일!$B:$B,$D22,data_주일!AG$1:AG$303),"") -> 4 | T22: =AVERAGE(M22:Q22) -> 5
D23: 41 | F23: 30 | G23: =IF(SUMIF(data_주일!$B$11:$B$303,$D23,data_주일!V$11:V$303)>0,SUMIF(data_주일!$B$11:$B$303,$D23,data_주일!V$11:V$303),"") -> 23 | H23: =IF(SUMIF(data_주일!$B$11:$B$303,$D23,data_주일!W$11:W$303)>0,SUMIF(data_주일!$B$11:$B$303,$D23,data_주일!W$11:W$303),"") -> 21 | I23: =IF(SUMIF(data_주일!$B$11:$B$303,$D23,data_주일!X$11:X$303)>0,SUMIF(data_주일!$B$11:$B$303,$D23,data_주일!X$11:X$303),"") -> 20 | J23: =IF(SUMIF(data_주일!$B$11:$B$303,$D23,data_주일!Y$11:Y$303)>0,SUMIF(data_주일!$B$11:$B$303,$D23,data_주일!Y$11:Y$303),"") -> 24 | K23: =IF(SUMIF(data_주일!$B$11:$B$303,$D23,data_주일!Z$11:Z$303)>0,SUMIF(data_주일!$B$11:$B$303,$D23,data_주일!Z$11:Z$303),"") -> 24 | L23: =IF(SUMIF(data_주일!$B$11:$B$303,$D23,data_주일!AA$11:AA$303)>0,SUMIF(data_주일!$B$11:$B$303,$D23,data_주일!AA$11:AA$303),"") -> 23 | M23: =IF(SUMIF(data_주일!$B$11:$B$303,$D23,data_주일!AB$11:AB$303)>0,SUMIF(data_주일!$B$11:$B$303,$D23,data_주일!AB$11:AB$303),"") -> 22 | N23: =IF(SUMIF(data_주일!$B$11:$B$303,$D23,data_주일!AC$11:AC$303)>0,SUMIF(data_주일!$B$11:$B$303,$D23,data_주일!AC$11:AC$303),"") -> 22 | O23: =IF(SUMIF(data_주일!$B$11:$B$303,$D23,data_주일!AD$11:AD$303)>0,SUMIF(data_주일!$B$11:$B$303,$D23,data_주일!AD$11:AD$303),"") -> 15 | P23: =IF(SUMIF(data_주일!$B:$B,$D23,data_주일!AE$1:AE$303)>0,SUMIF(data_주일!$B:$B,$D23,data_주일!AE$1:AE$303),"") -> 19 | Q23: =IF(SUMIF(data_주일!$B:$B,$D23,data_주일!AF$1:AF$303)>0,SUMIF(data_주일!$B:$B,$D23,data_주일!AF$1:AF$303),"") -> 24 | R23: =IF(SUMIF(data_주일!$B:$B,$D23,data_주일!AF$1:AF$303)>0,SUMIF(data_주일!$B:$B,$D23,data_주일!AF$1:AF$303),"") -> 24 | S23: =IF(SUMIF(data_주일!$B:$B,$D23,data_주일!AG$1:AG$303)>0,SUMIF(data_주일!$B:$B,$D23,data_주일!AG$1:AG$303),"") -> 24 | T23: =AVERAGE(M23:Q23) -> 20.4
D24: 42 | F24: 29 | G24: =IF(SUMIF(data_주일!$B$11:$B$303,$D24,data_주일!V$11:V$303)>0,SUMIF(data_주일!$B$11:$B$303,$D24,data_주일!V$11:V$303),"") -> 18 | H24: =IF(SUMIF(data_주일!$B$11:$B$303,$D24,data_주일!W$11:W$303)>0,SUMIF(data_주일!$B$11:$B$303,$D24,data_주일!W$11:W$303),"") -> 13 | I24: =IF(SUMIF(data_주일!$B$11:$B$303,$D24,data_주일!X$11:X$303)>0,SUMIF(data_주일!$B$11:$B$303,$D24,data_주일!X$11:X$303),"") -> 22 | J24: =IF(SUMIF(data_주일!$B$11:$B$303,$D24,data_주일!Y$11:Y$303)>0,SUMIF(data_주일!$B$11:$B$303,$D24,data_주일!Y$11:Y$303),"") -> 19 | K24: =IF(SUMIF(data_주일!$B$11:$B$303,$D24,data_주일!Z$11:Z$303)>0,SUMIF(data_주일!$B$11:$B$303,$D24,data_주일!Z$11:Z$303),"") -> 22 | L24: =IF(SUMIF(data_주일!$B$11:$B$303,$D24,data_주일!AA$11:AA$303)>0,SUMIF(data_주일!$B$11:$B$303,$D24,data_주일!AA$11:AA$303),"") -> 24 | M24: =IF(SUMIF(data_주일!$B$11:$B$303,$D24,data_주일!AB$11:AB$303)>0,SUMIF(data_주일!$B$11:$B$303,$D24,data_주일!AB$11:AB$303),"") -> 23 | N24: =IF(SUMIF(data_주일!$B$11:$B$303,$D24,data_주일!AC$11:AC$303)>0,SUMIF(data_주일!$B$11:$B$303,$D24,data_주일!AC$11:AC$303),"") -> 23 | O24: =IF(SUMIF(data_주일!$B$11:$B$303,$D24,data_주일!AD$11:AD$303)>0,SUMIF(data_주일!$B$11:$B$303,$D24,data_주일!AD$11:AD$303),"") -> 23 | P24: =IF(SUMIF(data_주일!$B:$B,$D24,data_주일!AE$1:AE$303)>0,SUMIF(data_주일!$B:$B,$D24,data_주일!AE$1:AE$303),"") -> 24 | Q24: =IF(SUMIF(data_주일!$B:$B,$D24,data_주일!AF$1:AF$303)>0,SUMIF(data_주일!$B:$B,$D24,data_주일!AF$1:AF$303),"") -> 22 | R24: =IF(SUMIF(data_주일!$B:$B,$D24,data_주일!AF$1:AF$303)>0,SUMIF(data_주일!$B:$B,$D24,data_주일!AF$1:AF$303),"") -> 22 | S24: =IF(SUMIF(data_주일!$B:$B,$D24,data_주일!AG$1:AG$303)>0,SUMIF(data_주일!$B:$B,$D24,data_주일!AG$1:AG$303),"") -> 20 | T24: =AVERAGE(M24:Q24) -> 23
D25: 43 | F25: 34 | G25: =IF(SUMIF(data_주일!$B$11:$B$303,$D25,data_주일!V$11:V$303)>0,SUMIF(data_주일!$B$11:$B$303,$D25,data_주일!V$11:V$303),"") -> 23 | H25: =IF(SUMIF(data_주일!$B$11:$B$303,$D25,data_주일!W$11:W$303)>0,SUMIF(data_주일!$B$11:$B$303,$D25,data_주일!W$11:W$303),"") -> 23 | I25: =IF(SUMIF(data_주일!$B$11:$B$303,$D25,data_주일!X$11:X$303)>0,SUMIF(data_주일!$B$11:$B$303,$D25,data_주일!X$11:X$303),"") -> 22 | J25: =IF(SUMIF(data_주일!$B$11:$B$303,$D25,data_주일!Y$11:Y$303)>0,SUMIF(data_주일!$B$11:$B$303,$D25,data_주일!Y$11:Y$303),"") -> 26 | K25: =IF(SUMIF(data_주일!$B$11:$B$303,$D25,data_주일!Z$11:Z$303)>0,SUMIF(data_주일!$B$11:$B$303,$D25,data_주일!Z$11:Z$303),"") -> 26 | L25: =IF(SUMIF(data_주일!$B$11:$B$303,$D25,data_주일!AA$11:AA$303)>0,SUMIF(data_주일!$B$11:$B$303,$D25,data_주일!AA$11:AA$303),"") -> 22 | M25: =IF(SUMIF(data_주일!$B$11:$B$303,$D25,data_주일!AB$11:AB$303)>0,SUMIF(data_주일!$B$11:$B$303,$D25,data_주일!AB$11:AB$303),"") -> 28 | N25: =IF(SUMIF(data_주일!$B$11:$B$303,$D25,data_주일!AC$11:AC$303)>0,SUMIF(data_주일!$B$11:$B$303,$D25,data_주일!AC$11:AC$303),"") -> 25 | O25: =IF(SUMIF(data_주일!$B$11:$B$303,$D25,data_주일!AD$11:AD$303)>0,SUMIF(data_주일!$B$11:$B$303,$D25,data_주일!AD$11:AD$303),"") -> 25 | P25: =IF(SUMIF(data_주일!$B:$B,$D25,data_주일!AE$1:AE$303)>0,SUMIF(data_주일!$B:$B,$D25,data_주일!AE$1:AE$303),"") -> 25 | Q25: =IF(SUMIF(data_주일!$B:$B,$D25,data_주일!AF$1:AF$303)>0,SUMIF(data_주일!$B:$B,$D25,data_주일!AF$1:AF$303),"") -> 25 | R25: =IF(SUMIF(data_주일!$B:$B,$D25,data_주일!AF$1:AF$303)>0,SUMIF(data_주일!$B:$B,$D25,data_주일!AF$1:AF$303),"") -> 25 | S25: =IF(SUMIF(data_주일!$B:$B,$D25,data_주일!AG$1:AG$303)>0,SUMIF(data_주일!$B:$B,$D25,data_주일!AG$1:AG$303),"") -> 23 | T25: =AVERAGE(M25:Q25) -> 25.6
C26: 교회학교 | F26: 유초 | G26: 10 | H26: 12 | I26: 11 | J26: 8 | K26: 8 | L26: 10 | M26: 11 | N26: 8 | O26: 12 | P26: 14 | Q26: 10 | T26: =AVERAGE(M26:Q26) -> 11
F27: 중고 | G27: 19 | H27: 21 | I27: 16 | J27: 16 | K27: 17 | L27: 20 | M27: 18 | N27: 17 | O27: 17 | P27: 19 | Q27: 17 | T27: =AVERAGE(M27:Q27) -> 17.6
C28: 합계 | G28: =IF(SUM(G14,G26,G27)>0,SUM(G14,G26,G27),"") -> 226 | H28: =IF(SUM(H14,H26,H27)>0,SUM(H14,H26,H27),"") -> 226 | I28: =IF(SUM(I14,I26,I27)>0,SUM(I14,I26,I27),"") -> 243 | J28: =IF(SUM(J14,J26,J27)>0,SUM(J14,J26,J27),"") -> 236 | K28: =IF(SUM(K14,K26,K27)>0,SUM(K14,K26,K27),"") -> 226 | L28: =IF(SUM(L14,L26,L27)>0,SUM(L14,L26,L27),"") -> 228 | M28: =IF(SUM(M14,M26,M27)>0,SUM(M14,M26,M27),"") -> 241 | N28: =IF(SUM(N14,N26,N27)>0,SUM(N14,N26,N27),"") -> 235 | ... S28: =IF(SUM(S14,S26,S27)>0,SUM(S14,S26,S27),"") -> 202 | T28: =AVERAGE(M28:Q28) -> 238.4
C29: ※ 유초등부, 중고등부는 별도 파악하여 입력
C42: 명단 | D42: 인도자 | F42: 구역 | G42: 45752 | H42: 45759 | I42: 45766 | J42: 45773 | K42: =K13 -> 45780 | L42: =L13 -> 45787 | M42: =M13 -> 45794 | N42: =N13 -> 45801 | O42: =O13 -> 45808 | P42: =P13 -> 45815 | Q42: =Q13 -> 45822 | R42: =R13 -> 45829 | S42: =S13 -> 45835
C43: =IF(data_주일!C309="","",data_주일!C309) -> 윤나영 | D43: =IF(data_주일!D309="","",data_주일!D309) -> 최경숙 | F43: =IF(data_주일!B309="","",data_주일!B309) -> 11 | G43: =IF(data_주일!V309=1,$C43,"") | H43: =IF(data_주일!W309=1,$C43,"") | I43: =IF(data_주일!X309=1,$C43,"") | J43: =IF(data_주일!Y309=1,$C43,"") | K43: =IF(data_주일!Z309=1,$C43,"") | L43: =IF(data_주일!AA309=1,$C43,"") | M43: =IF(data_주일!AB309=1,$C43,"") | N43: =IF(data_주일!AC309=1,$C43,"") | ... Q43: =IF(data_주일!AF309=1,$C43,"") | R43: =IF(data_주일!AF309=1,$C43,"") | S43: =IF(data_주일!AG309=1,$C43,"")
C44: =IF(data_주일!C310="","",data_주일!C310) -> 조미경 | D44: =IF(data_주일!D310="","",data_주일!D310) -> 서금자 | F44: =IF(data_주일!B310="","",data_주일!B310) -> 11 | G44: =IF(data_주일!V310=1,$C44,"") | H44: =IF(data_주일!W310=1,$C44,"") | I44: =IF(data_주일!X310=1,$C44,"") | J44: =IF(data_주일!Y310=1,$C44,"") | K44: =IF(data_주일!Z310=1,$C44,"") -> 조미경 | L44: =IF(data_주일!AA310=1,$C44,"") | M44: =IF(data_주일!AB310=1,$C44,"") | N44: =IF(data_주일!AC310=1,$C44,"") | ... Q44: =IF(data_주일!AF310=1,$C44,"") | R44: =IF(data_주일!AF310=1,$C44,"") | S44: =IF(data_주일!AG310=1,$C44,"")
C45: =IF(data_주일!C311="","",data_주일!C311) -> 차경은 | D45: =IF(data_주일!D311="","",data_주일!D311) -> 이지영 | F45: =IF(data_주일!B311="","",data_주일!B311) -> 11 | G45: =IF(data_주일!V311=1,$C45,"") | H45: =IF(data_주일!W311=1,$C45,"") | I45: =IF(data_주일!X311=1,$C45,"") | J45: =IF(data_주일!Y311=1,$C45,"") | K45: =IF(data_주일!Z311=1,$C45,"") -> 차경은 | L45: =IF(data_주일!AA311=1,$C45,"") | M45: =IF(data_주일!AB311=1,$C45,"") | N45: =IF(data_주일!AC311=1,$C45,"") | ... Q45: =IF(data_주일!AF311=1,$C45,"") | R45: =IF(data_주일!AF311=1,$C45,"") | S45: =IF(data_주일!AG311=1,$C45,"")
C46: =IF(data_주일!C312="","",data_주일!C312) -> 차미나 | D46: =IF(data_주일!D312="","",data_주일!D312) -> 이지영 | F46: =IF(data_주일!B312="","",data_주일!B312) -> 11 | G46: =IF(data_주일!V312=1,$C46,"") | H46: =IF(data_주일!W312=1,$C46,"") | I46: =IF(data_주일!X312=1,$C46,"") | J46: =IF(data_주일!Y312=1,$C46,"") | K46: =IF(data_주일!Z312=1,$C46,"") -> 차미나 | L46: =IF(data_주일!AA312=1,$C46,"") | M46: =IF(data_주일!AB312=1,$C46,"") | N46: =IF(data_주일!AC312=1,$C46,"") | ... Q46: =IF(data_주일!AF312=1,$C46,"") | R46: =IF(data_주일!AF312=1,$C46,"") | S46: =IF(data_주일!AG312=1,$C46,"")
C47: =IF(data_주일!C318="","",data_주일!C318) -> 신현금 | D47: =IF(data_주일!D318="","",data_주일!D318) -> 김재홍 | F47: =IF(data_주일!B318="","",data_주일!B318) -> 21 | G47: =IF(data_주일!V318=1,$C47,"") | H47: =IF(data_주일!W318=1,$C47,"") | I47: =IF(data_주일!X318=1,$C47,"") | J47: =IF(data_주일!Y318=1,$C47,"") | K47: =IF(data_주일!Z318=1,$C47,"") -> 신현금 | L47: =IF(data_주일!AA318=1,$C47,"") | M47: =IF(data_주일!AB318=1,$C47,"") -> 신현금 | N47: =IF(data_주일!AC318=1,$C47,"") -> 신현금 | ... Q47: =IF(data_주일!AF318=1,$C47,"") | R47: =IF(data_주일!AF318=1,$C47,"") | S47: =IF(data_주일!AG318=1,$C47,"")
C48: =IF(data_주일!C319="","",data_주일!C319) -> 노정희 | D48: =IF(data_주일!D319="","",data_주일!D319) -> 박점숙 | F48: =IF(data_주일!B319="","",data_주일!B319) -> 21 | G48: =IF(data_주일!V319=1,$C48,"") | H48: =IF(data_주일!W319=1,$C48,"") | I48: =IF(data_주일!X319=1,$C48,"") | J48: =IF(data_주일!Y319=1,$C48,"") | K48: =IF(data_주일!Z319=1,$C48,"") -> 노정희 | L48: =IF(data_주일!AA319=1,$C48,"") | M48: =IF(data_주일!AB319=1,$C48,"") -> 노정희 | N48: =IF(data_주일!AC319=1,$C48,"") -> 노정희 | ... Q48: =IF(data_주일!AF319=1,$C48,"") | R48: =IF(data_주일!AF319=1,$C48,"") | S48: =IF(data_주일!AG319=1,$C48,"")
C49: =IF(data_주일!C321="","",data_주일!C321) -> 김창명 | D49: =IF(data_주일!D321="","",data_주일!D321) -> 배미숙 | F49: =IF(data_주일!B321="","",data_주일!B321) -> 22 | G49: =IF(data_주일!V321=1,$C49,"") -> 김창명 | H49: =IF(data_주일!W321=1,$C49,"") | I49: =IF(data_주일!X321=1,$C49,"") | J49: =IF(data_주일!Y321=1,$C49,"") -> 김창명 | K49: =IF(data_주일!Z321=1,$C49,"") -> 김창명 | L49: =IF(data_주일!AA321=1,$C49,"") | M49: =IF(data_주일!AB321=1,$C49,"") -> 김창명 | N49: =IF(data_주일!AC321=1,$C49,"") | ... Q49: =IF(data_주일!AF321=1,$C49,"") | R49: =IF(data_주일!AF321=1,$C49,"") | S49: =IF(data_주일!AG321=1,$C49,"")
C50: =IF(data_주일!C323="","",data_주일!C323) -> 이경옥 | D50: =IF(data_주일!D323="","",data_주일!D323) -> 배미숙 | F50: =IF(data_주일!B323="","",data_주일!B323) -> 22 | G50: =IF(data_주일!V323=1,$C50,"") | H50: =IF(data_주일!W323=1,$C50,"") | I50: =IF(data_주일!X323=1,$C50,"") | J50: =IF(data_주일!Y323=1,$C50,"") | K50: =IF(data_주일!Z323=1,$C50,"") -> 이경옥 | L50: =IF(data_주일!AA323=1,$C50,"") | M50: =IF(data_주일!AB323=1,$C50,"") | N50: =IF(data_주일!AC323=1,$C50,"") -> 이경옥 | ... Q50: =IF(data_주일!AF323=1,$C50,"") -> 이경옥 | R50: =IF(data_주일!AF323=1,$C50,"") -> 이경옥 | S50: =IF(data_주일!AG323=1,$C50,"") -> 이경옥
C51: =IF(data_주일!C325="","",data_주일!C325) -> 정니영 | D51: =IF(data_주일!D325="","",data_주일!D325) -> 박미옥 | F51: =IF(data_주일!B325="","",data_주일!B325) -> 22 | G51: =IF(data_주일!V325=1,$C51,"") | H51: =IF(data_주일!W325=1,$C51,"") | I51: =IF(data_주일!X325=1,$C51,"") | J51: =IF(data_주일!Y325=1,$C51,"") | K51: =IF(data_주일!Z325=1,$C51,"") | L51: =IF(data_주일!AA325=1,$C51,"") | M51: =IF(data_주일!AB325=1,$C51,"") | N51: =IF(data_주일!AC325=1,$C51,"") -> 정니영 | ... Q51: =IF(data_주일!AF325=1,$C51,"") -> 정니영 | R51: =IF(data_주일!AF325=1,$C51,"") -> 정니영 | S51: =IF(data_주일!AG325=1,$C51,"") -> 정니영
C52: =IF(data_주일!C326="","",data_주일!C326) -> 김명선 | D52: =IF(data_주일!D326="","",data_주일!D326) -> 김명선 | F52: =IF(data_주일!B326="","",data_주일!B326) -> 31 | G52: =IF(data_주일!V326=1,$C52,"") | H52: =IF(data_주일!W326=1,$C52,"") | I52: =IF(data_주일!X326=1,$C52,"") | J52: =IF(data_주일!Y326=1,$C52,"") | K52: =IF(data_주일!Z326=1,$C52,"") -> 김명선 | L52: =IF(data_주일!AA326=1,$C52,"") -> 김명선 | M52: =IF(data_주일!AB326=1,$C52,"") -> 김명선 | N52: =IF(data_주일!AC326=1,$C52,"") -> 김명선 | ... Q52: =IF(data_주일!AF326=1,$C52,"") -> 김명선 | R52: =IF(data_주일!AF326=1,$C52,"") -> 김명선 | S52: =IF(data_주일!AG326=1,$C52,"")
C53: =IF(data_주일!C328="","",data_주일!C328) -> 정양선 | D53: =IF(data_주일!D328="","",data_주일!D328) -> 이미화 | F53: =IF(data_주일!B328="","",data_주일!B328) -> 32 | G53: =IF(data_주일!V328=1,$C53,"") | H53: =IF(data_주일!W328=1,$C53,"") | I53: =IF(data_주일!X328=1,$C53,"") | J53: =IF(data_주일!Y328=1,$C53,"") | K53: =IF(data_주일!Z328=1,$C53,"") -> 정양선 | L53: =IF(data_주일!AA328=1,$C53,"") -> 정양선 | M53: =IF(data_주일!AB328=1,$C53,"") | N53: =IF(data_주일!AC328=1,$C53,"") | ... Q53: =IF(data_주일!AF328=1,$C53,"") | R53: =IF(data_주일!AF328=1,$C53,"") | S53: =IF(data_주일!AG328=1,$C53,"")
C54: =IF(data_주일!C329="","",data_주일!C329) -> 최영욱 | D54: =IF(data_주일!D329="","",data_주일!D329) -> 최명희 | F54: =IF(data_주일!B329="","",data_주일!B329) -> 32 | G54: =IF(data_주일!V329=1,$C54,"") | H54: =IF(data_주일!W329=1,$C54,"") | I54: =IF(data_주일!X329=1,$C54,"") | J54: =IF(data_주일!Y329=1,$C54,"") | K54: =IF(data_주일!Z329=1,$C54,"") | L54: =IF(data_주일!AA329=1,$C54,"") | M54: =IF(data_주일!AB329=1,$C54,"") | N54: =IF(data_주일!AC329=1,$C54,"") | ... Q54: =IF(data_주일!AF329=1,$C54,"") | R54: =IF(data_주일!AF329=1,$C54,"") | S54: =IF(data_주일!AG329=1,$C54,"")
C55: =IF(data_주일!C330="","",data_주일!C330) -> 최명희 | D55: =IF(data_주일!D330="","",data_주일!D330) -> 윤영희 | F55: =IF(data_주일!B330="","",data_주일!B330) -> 32 | G55: =IF(data_주일!V330=1,$C55,"") | H55: =IF(data_주일!W330=1,$C55,"") | I55: =IF(data_주일!X330=1,$C55,"") | J55: =IF(data_주일!Y330=1,$C55,"") | K55: =IF(data_주일!Z330=1,$C55,"") | L55: =IF(data_주일!AA330=1,$C55,"") | M55: =IF(data_주일!AB330=1,$C55,"") | N55: =IF(data_주일!AC330=1,$C55,"") | ... Q55: =IF(data_주일!AF330=1,$C55,"") | R55: =IF(data_주일!AF330=1,$C55,"") | S55: =IF(data_주일!AG330=1,$C55,"")
C56: =IF(data_주일!C331="","",data_주일!C331) -> 이예인 | D56: =IF(data_주일!D331="","",data_주일!D331) -> 오은경 | F56: =IF(data_주일!B331="","",data_주일!B331) -> 32 | G56: =IF(data_주일!V331=1,$C56,"") | H56: =IF(data_주일!W331=1,$C56,"") | I56: =IF(data_주일!X331=1,$C56,"") | J56: =IF(data_주일!Y331=1,$C56,"") | K56: =IF(data_주일!Z331=1,$C56,"") | L56: =IF(data_주일!AA331=1,$C56,"") | M56: =IF(data_주일!AB331=1,$C56,"") | N56: =IF(data_주일!AC331=1,$C56,"") -> 이예인 | ... Q56: =IF(data_주일!AF331=1,$C56,"") | R56: =IF(data_주일!AF331=1,$C56,"") | S56: =IF(data_주일!AG331=1,$C56,"")
C57: =IF(data_주일!C332="","",data_주일!C332) -> 오상진 | D57: =IF(data_주일!D332="","",data_주일!D332) -> 최명희 | F57: =IF(data_주일!B332="","",data_주일!B332) -> 32 | G57: =IF(data_주일!V332=1,$C57,"") | H57: =IF(data_주일!W332=1,$C57,"") | I57: =IF(data_주일!X332=1,$C57,"") | J57: =IF(data_주일!Y332=1,$C57,"") | K57: =IF(data_주일!Z332=1,$C57,"") | L57: =IF(data_주일!AA332=1,$C57,"") | M57: =IF(data_주일!AB332=1,$C57,"") | N57: =IF(data_주일!AC332=1,$C57,"") -> 오상진 | ... Q57: =IF(data_주일!AF332=1,$C57,"") | R57: =IF(data_주일!AF332=1,$C57,"") | S57: =IF(data_주일!AG332=1,$C57,"")
C58: =IF(data_주일!C335="","",data_주일!C335) -> 김예솔 | D58: =IF(data_주일!D335="","",data_주일!D335) -> 백종애 | F58: =IF(data_주일!B335="","",data_주일!B335) -> 41 | G58: =IF(data_주일!V335=1,$C58,"") | H58: =IF(data_주일!W335=1,$C58,"") | I58: =IF(data_주일!X335=1,$C58,"") | J58: =IF(data_주일!Y335=1,$C58,"") | K58: =IF(data_주일!Z335=1,$C58,"") -> 김예솔 | L58: =IF(data_주일!AA335=1,$C58,"") -> 김예솔 | M58: =IF(data_주일!AB335=1,$C58,"") -> 김예솔 | N58: =IF(data_주일!AC335=1,$C58,"") -> 김예솔 | ... Q58: =IF(data_주일!AF335=1,$C58,"") -> 김예솔 | R58: =IF(data_주일!AF335=1,$C58,"") -> 김예솔 | S58: =IF(data_주일!AG335=1,$C58,"") -> 김예솔
C59: 계 | G59: =COUNTA(G43:G58)-COUNTIF(G43:G58,"") -> 1 | H59: =COUNTA(H43:H58)-COUNTIF(H43:H58,"") -> 0 | I59: =COUNTA(I43:I58)-COUNTIF(I43:I58,"") -> 0 | J59: =COUNTA(J43:J58)-COUNTIF(J43:J58,"") -> 1 | K59: =COUNTA(K43:K58)-COUNTIF(K43:K58,"") -> 10 | L59: =COUNTA(L43:L58)-COUNTIF(L43:L58,"") -> 3 | M59: =COUNTA(M43:M58)-COUNTIF(M43:M58,"") -> 5 | N59: =COUNTA(N43:N58)-COUNTIF(N43:N58,"") -> 8 | ... S59: =COUNTA(S43:S58)-COUNTIF(S43:S58,"") -> 3
C60: ※ 새참자: 주소록에 등록되지 않은 분으로 주일에 성경강연회(인터넷) 말씀 또는 주일 말씀을 듣기위해 방문하신 분

Sheet 26년5~7월
C13: 구분 | F13: 날짜 | G13: 45752 | H13: 45759 | I13: 45766 | J13: 45773 | K13: 46145 | L13: 46152 | M13: 46159 | N13: 46166 | O13: 46173 | P13: 46180 | Q13: 46187 | R13: 46194 | S13: 46201 | T13: 46208 | U13: 46215 | V13: 46222 | W13: 46229 | X13: 46236 | Y13: 평균
C14: 성인 | F14: 288 | G14: =SUMIF(data_주일!V$11:V$303,1,data_주일!V$11:V$303) -> 197 | H14: =SUMIF(data_주일!W$11:W$303,1,data_주일!W$11:W$303) -> 193 | I14: =SUMIF(data_주일!X$11:X$303,1,data_주일!X$11:X$303) -> 216 | J14: =SUMIF(data_주일!Y$11:Y$303,1,data_주일!Y$11:Y$303) -> 212 | K14: =IFERROR(SUM(K16:K25),"") -> 201 | L14: =IFERROR(SUM(L16:L25),"") -> 198 | M14: =IFERROR(SUM(M16:M25),"") -> 212 | N14: =IFERROR(SUM(N16:N25),"") -> 210 | O14: =IFERROR(SUM(O16:O25),"") -> 206 | P14: =IFERROR(SUM(P16:P25),"") -> 217 | Q14: =IFERROR(SUM(Q16:Q25),"") -> 207 | R14: =IFERROR(SUM(R16:R25),"") -> 201 | ... X14: =IFERROR(SUM(X16:X25),"") -> 212 | Y14: =SUM(K14:X14)/(COUNTA(K14:X14)-COUNTIF(K14:X14,0)) -> 208.84615
D15: 구역 | F15: 재적 | G15: =IFERROR(G14/$F$14,"") -> 0.68402778 | H15: =IFERROR(H14/$F$14,"") -> 0.67013889 | I15: =IFERROR(I14/$F$14,"") -> 0.75 | J15: =IFERROR(J14/$F$14,"") -> 0.73611111 | K15: =IFERROR(K14/$F$14,"") -> 0.69791667 | L15: =IFERROR(L14/$F$14,"") -> 0.6875 | M15: =IFERROR(M14/$F$14,"") -> 0.73611111 | N15: =IFERROR(N14/$F$14,"") -> 0.72916667 | ... X15: =IFERROR(X14/$F$14,"") -> 0.73611111 | Y15: =AVERAGE(K15:U15) -> 0.71969697
D16: 11 | F16: 39 | G16: =IF(SUMIF(data_주일!$B$11:$B$303,$D16,data_주일!V$11:V$303)>0,SUMIF(data_주일!$B$11:$B$303,$D16,data_주일!V$11:V$303),"") -> 28 | H16: =IF(SUMIF(data_주일!$B$11:$B$303,$D16,data_주일!W$11:W$303)>0,SUMIF(data_주일!$B$11:$B$303,$D16,data_주일!W$11:W$303),"") -> 16 | I16: =IF(SUMIF(data_주일!$B$11:$B$303,$D16,data_주일!X$11:X$303)>0,SUMIF(data_주일!$B$11:$B$303,$D16,data_주일!X$11:X$303),"") -> 29 | J16: =IF(SUMIF(data_주일!$B$11:$B$303,$D16,data_주일!Y$11:Y$303)>0,SUMIF(data_주일!$B$11:$B$303,$D16,data_주일!Y$11:Y$303),"") -> 26 | K16: =IF(SUMIF(data_주일!$B$11:$B$303,$D16,data_주일!Z$11:Z$303)>0,SUMIF(data_주일!$B$11:$B$303,$D16,data_주일!Z$11:Z$303),"") -> 24 | L16: =IF(SUMIF(data_주일!$B$11:$B$303,$D16,data_주일!AA$11:AA$303)>0,SUMIF(data_주일!$B$11:$B$303,$D16,data_주일!AA$11:AA$303),"") -> 28 | M16: =IF(SUMIF(data_주일!$B$11:$B$303,$D16,data_주일!AB$11:AB$303)>0,SUMIF(data_주일!$B$11:$B$303,$D16,data_주일!AB$11:AB$303),"") -> 22 | N16: =IF(SUMIF(data_주일!$B$11:$B$303,$D16,data_주일!AC$11:AC$303)>0,SUMIF(data_주일!$B$11:$B$303,$D16,data_주일!AC$11:AC$303),"") -> 27 | O16: =IF(SUMIF(data_주일!$B$11:$B$303,$D16,data_주일!AD$11:AD$303)>0,SUMIF(data_주일!$B$11:$B$303,$D16,data_주일!AD$11:AD$303),"") -> 25 | P16: =IF(SUMIF(data_주일!$B11:$B303,$D16,data_주일!AE$11:AE$303)>0,SUMIF(data_주일!$B11:$B303,$D16,data_주일!AE$11:AE$303),"") -> 28 | Q16: =IF(SUMIF(data_주일!$B11:$B303,$D16,data_주일!AF$11:AF$303)>0,SUMIF(data_주일!$B11:$B303,$D16,data_주일!AF$11:AF$303),"") -> 24 | R16: =IF(SUMIF(data_주일!$B11:$B303,$D16,data_주일!AG$11:AG$303)>0,SUMIF(data_주일!$B11:$B303,$D16,data_주일!AG$11:AG$303),"") -> 23 | S16: =IF(SUMIF(data_주일!$B11:$B303,$D16,data_주일!AH$11:AH$303)>0,SUMIF(data_주일!$B11:$B303,$D16,data_주일!AH$11:AH$303),"") -> 26 | T16: =IF(SUMIF(data_주일!$B11:$B303,$D16,data_주일!AI$11:AI$303)>0,SUMIF(data_주일!$B11:$B303,$D16,data_주일!AI$11:AI$303),"") -> 23 | U16: =IF(SUMIF(data_주일!$B11:$B303,$D16,data_주일!AJ$11:AJ$303)>0,SUMIF(data_주일!$B11:$B303,$D16,data_주일!AJ$11:AJ$303),"") -> 26 | V16: =IF(SUMIF(data_주일!$B11:$B303,$D16,data_주일!AK$11:AK$303)>0,SUMIF(data_주일!$B11:$B303,$D16,data_주일!AK$11:AK$303),"") -> 28 | W16: =IF(SUMIF(data_주일!$B11:$B303,$D16,data_주일!AL$11:AL$303)>0,SUMIF(data_주일!$B11:$B303,$D16,data_주일!AL$11:AL$303),"") | X16: =IF(SUMIF(data_주일!$B11:$B303,$D16,data_주일!AM$11:AM$303)>0,SUMIF(data_주일!$B11:$B303,$D16,data_주일!AM$11:AM$303),"") -> 27 | Y16: =SUM(K16:X16)/(COUNTA(K16:X16)-COUNTIF(K16:X16,"")) -> 25.461538
D17: 12 | F17: 27 | G17: =IF(SUMIF(data_주일!$B$11:$B$303,$D17,data_주일!V$11:V$303)>0,SUMIF(data_주일!$B$11:$B$303,$D17,data_주일!V$11:V$303),"") -> 22 | H17: =IF(SUMIF(data_주일!$B$11:$B$303,$D17,data_주일!W$11:W$303)>0,SUMIF(data_주일!$B$11:$B$303,$D17,data_주일!W$11:W$303),"") -> 24 | I17: =IF(SUMIF(data_주일!$B$11:$B$303,$D17,data_주일!X$11:X$303)>0,SUMIF(data_주일!$B$11:$B$303,$D17,data_주일!X$11:X$303),"") -> 23 | J17: =IF(SUMIF(data_주일!$B$11:$B$303,$D17,data_주일!Y$11:Y$303)>0,SUMIF(data_주일!$B$11:$B$303,$D17,data_주일!Y$11:Y$303),"") -> 26 | K17: =IF(SUMIF(data_주일!$B$11:$B$303,$D17,data_주일!Z$11:Z$303)>0,SUMIF(data_주일!$B$11:$B$303,$D17,data_주일!Z$11:Z$303),"") -> 27 | L17: =IF(SUMIF(data_주일!$B$11:$B$303,$D17,data_주일!AA$11:AA$303)>0,SUMIF(data_주일!$B$11:$B$303,$D17,data_주일!AA$11:AA$303),"") -> 24 | M17: =IF(SUMIF(data_주일!$B$11:$B$303,$D17,data_주일!AB$11:AB$303)>0,SUMIF(data_주일!$B$11:$B$303,$D17,data_주일!AB$11:AB$303),"") -> 26 | N17: =IF(SUMIF(data_주일!$B$11:$B$303,$D17,data_주일!AC$11:AC$303)>0,SUMIF(data_주일!$B$11:$B$303,$D17,data_주일!AC$11:AC$303),"") -> 26 | O17: =IF(SUMIF(data_주일!$B$11:$B$303,$D17,data_주일!AD$11:AD$303)>0,SUMIF(data_주일!$B$11:$B$303,$D17,data_주일!AD$11:AD$303),"") -> 23 | P17: =IF(SUMIF(data_주일!$B12:$B304,$D17,data_주일!AE$11:AE$303)>0,SUMIF(data_주일!$B12:$B304,$D17,data_주일!AE$11:AE$303),"") -> 26 | Q17: =IF(SUMIF(data_주일!$B12:$B304,$D17,data_주일!AF$11:AF$303)>0,SUMIF(data_주일!$B12:$B304,$D17,data_주일!AF$11:AF$303),"") -> 28 | R17: =IF(SUMIF(data_주일!$B12:$B304,$D17,data_주일!AG$11:AG$303)>0,SUMIF(data_주일!$B12:$B304,$D17,data_주일!AG$11:AG$303),"") -> 25 | S17: =IF(SUMIF(data_주일!$B12:$B304,$D17,data_주일!AH$11:AH$303)>0,SUMIF(data_주일!$B12:$B304,$D17,data_주일!AH$11:AH$303),"") -> 26 | T17: =IF(SUMIF(data_주일!$B12:$B304,$D17,data_주일!AI$11:AI$303)>0,SUMIF(data_주일!$B12:$B304,$D17,data_주일!AI$11:AI$303),"") -> 26 | U17: =IF(SUMIF(data_주일!$B12:$B304,$D17,data_주일!AJ$11:AJ$303)>0,SUMIF(data_주일!$B12:$B304,$D17,data_주일!AJ$11:AJ$303),"") -> 27 | V17: =IF(SUMIF(data_주일!$B12:$B304,$D17,data_주일!AK$11:AK$303)>0,SUMIF(data_주일!$B12:$B304,$D17,data_주일!AK$11:AK$303),"") -> 27 | W17: =IF(SUMIF(data_주일!$B12:$B304,$D17,data_주일!AL$11:AL$303)>0,SUMIF(data_주일!$B12:$B304,$D17,data_주일!AL$11:AL$303),"") | X17: =IF(SUMIF(data_주일!$B12:$B304,$D17,data_주일!AM$11:AM$303)>0,SUMIF(data_주일!$B12:$B304,$D17,data_주일!AM$11:AM$303),"") -> 25 | Y17: =SUM(K17:X17)/(COUNTA(K17:X17)-COUNTIF(K17:X17,"")) -> 25.846154
D18: 21 | F18: 30 | G18: =IF(SUMIF(data_주일!$B$11:$B$303,$D18,data_주일!V$11:V$303)>0,SUMIF(data_주일!$B$11:$B$303,$D18,data_주일!V$11:V$303),"") -> 23 | H18: =IF(SUMIF(data_주일!$B$11:$B$303,$D18,data_주일!W$11:W$303)>0,SUMIF(data_주일!$B$11:$B$303,$D18,data_주일!W$11:W$303),"") -> 23 | I18: =IF(SUMIF(data_주일!$B$11:$B$303,$D18,data_주일!X$11:X$303)>0,SUMIF(data_주일!$B$11:$B$303,$D18,data_주일!X$11:X$303),"") -> 26 | J18: =IF(SUMIF(data_주일!$B$11:$B$303,$D18,data_주일!Y$11:Y$303)>0,SUMIF(data_주일!$B$11:$B$303,$D18,data_주일!Y$11:Y$303),"") -> 22 | K18: =IF(SUMIF(data_주일!$B$11:$B$303,$D18,data_주일!Z$11:Z$303)>0,SUMIF(data_주일!$B$11:$B$303,$D18,data_주일!Z$11:Z$303),"") -> 17 | L18: =IF(SUMIF(data_주일!$B$11:$B$303,$D18,data_주일!AA$11:AA$303)>0,SUMIF(data_주일!$B$11:$B$303,$D18,data_주일!AA$11:AA$303),"") -> 20 | M18: =IF(SUMIF(data_주일!$B$11:$B$303,$D18,data_주일!AB$11:AB$303)>0,SUMIF(data_주일!$B$11:$B$303,$D18,data_주일!AB$11:AB$303),"") -> 23 | N18: =IF(SUMIF(data_주일!$B$11:$B$303,$D18,data_주일!AC$11:AC$303)>0,SUMIF(data_주일!$B$11:$B$303,$D18,data_주일!AC$11:AC$303),"") -> 19 | O18: =IF(SUMIF(data_주일!$B$11:$B$303,$D18,data_주일!AD$11:AD$303)>0,SUMIF(data_주일!$B$11:$B$303,$D18,data_주일!AD$11:AD$303),"") -> 22 | P18: =IF(SUMIF(data_주일!$B13:$B305,$D18,data_주일!AE$11:AE$303)>0,SUMIF(data_주일!$B13:$B305,$D18,data_주일!AE$11:AE$303),"") -> 23 | Q18: =IF(SUMIF(data_주일!$B13:$B305,$D18,data_주일!AF$11:AF$303)>0,SUMIF(data_주일!$B13:$B305,$D18,data_주일!AF$11:AF$303),"") -> 19 | R18: =IF(SUMIF(data_주일!$B13:$B305,$D18,data_주일!AG$11:AG$303)>0,SUMIF(data_주일!$B13:$B305,$D18,data_주일!AG$11:AG$303),"") -> 20 | S18: =IF(SUMIF(data_주일!$B13:$B305,$D18,data_주일!AH$11:AH$303)>0,SUMIF(data_주일!$B13:$B305,$D18,data_주일!AH$11:AH$303),"") -> 23 | T18: =IF(SUMIF(data_주일!$B13:$B305,$D18,data_주일!AI$11:AI$303)>0,SUMIF(data_주일!$B13:$B305,$D18,data_주일!AI$11:AI$303),"") -> 24 | U18: =IF(SUMIF(data_주일!$B13:$B305,$D18,data_주일!AJ$11:AJ$303)>0,SUMIF(data_주일!$B13:$B305,$D18,data_주일!AJ$11:AJ$303),"") -> 23 | V18: =IF(SUMIF(data_주일!$B13:$B305,$D18,data_주일!AK$11:AK$303)>0,SUMIF(data_주일!$B13:$B305,$D18,data_주일!AK$11:AK$303),"") -> 26 | W18: =IF(SUMIF(data_주일!$B13:$B305,$D18,data_주일!AL$11:AL$303)>0,SUMIF(data_주일!$B13:$B305,$D18,data_주일!AL$11:AL$303),"") | X18: =IF(SUMIF(data_주일!$B13:$B305,$D18,data_주일!AM$11:AM$303)>0,SUMIF(data_주일!$B13:$B305,$D18,data_주일!AM$11:AM$303),"") -> 26 | Y18: =SUM(K18:X18)/(COUNTA(K18:X18)-COUNTIF(K18:X18,"")) -> 21.923077
D19: 22 | F19: 23 | G19: =IF(SUMIF(data_주일!$B$11:$B$303,$D19,data_주일!V$11:V$303)>0,SUMIF(data_주일!$B$11:$B$303,$D19,data_주일!V$11:V$303),"") -> 15 | H19: =IF(SUMIF(data_주일!$B$11:$B$303,$D19,data_주일!W$11:W$303)>0,SUMIF(data_주일!$B$11:$B$303,$D19,data_주일!W$11:W$303),"") -> 19 | I19: =IF(SUMIF(data_주일!$B$11:$B$303,$D19,data_주일!X$11:X$303)>0,SUMIF(data_주일!$B$11:$B$303,$D19,data_주일!X$11:X$303),"") -> 19 | J19: =IF(SUMIF(data_주일!$B$11:$B$303,$D19,data_주일!Y$11:Y$303)>0,SUMIF(data_주일!$B$11:$B$303,$D19,data_주일!Y$11:Y$303),"") -> 14 | K19: =IF(SUMIF(data_주일!$B$11:$B$303,$D19,data_주일!Z$11:Z$303)>0,SUMIF(data_주일!$B$11:$B$303,$D19,data_주일!Z$11:Z$303),"") -> 18 | L19: =IF(SUMIF(data_주일!$B$11:$B$303,$D19,data_주일!AA$11:AA$303)>0,SUMIF(data_주일!$B$11:$B$303,$D19,data_주일!AA$11:AA$303),"") -> 15 | M19: =IF(SUMIF(data_주일!$B$11:$B$303,$D19,data_주일!AB$11:AB$303)>0,SUMIF(data_주일!$B$11:$B$303,$D19,data_주일!AB$11:AB$303),"") -> 17 | N19: =IF(SUMIF(data_주일!$B$11:$B$303,$D19,data_주일!AC$11:AC$303)>0,SUMIF(data_주일!$B$11:$B$303,$D19,data_주일!AC$11:AC$303),"") -> 17 | O19: =IF(SUMIF(data_주일!$B$11:$B$303,$D19,data_주일!AD$11:AD$303)>0,SUMIF(data_주일!$B$11:$B$303,$D19,data_주일!AD$11:AD$303),"") -> 19 | P19: =IF(SUMIF(data_주일!$B14:$B306,$D19,data_주일!AE$11:AE$303)>0,SUMIF(data_주일!$B14:$B306,$D19,data_주일!AE$11:AE$303),"") -> 15 | Q19: =IF(SUMIF(data_주일!$B14:$B306,$D19,data_주일!AF$11:AF$303)>0,SUMIF(data_주일!$B14:$B306,$D19,data_주일!AF$11:AF$303),"") -> 14 | R19: =IF(SUMIF(data_주일!$B14:$B306,$D19,data_주일!AG$11:AG$303)>0,SUMIF(data_주일!$B14:$B306,$D19,data_주일!AG$11:AG$303),"") -> 16 | S19: =IF(SUMIF(data_주일!$B14:$B306,$D19,data_주일!AH$11:AH$303)>0,SUMIF(data_주일!$B14:$B306,$D19,data_주일!AH$11:AH$303),"") -> 16 | T19: =IF(SUMIF(data_주일!$B14:$B306,$D19,data_주일!AI$11:AI$303)>0,SUMIF(data_주일!$B14:$B306,$D19,data_주일!AI$11:AI$303),"") -> 16 | U19: =IF(SUMIF(data_주일!$B14:$B306,$D19,data_주일!AJ$11:AJ$303)>0,SUMIF(data_주일!$B14:$B306,$D19,data_주일!AJ$11:AJ$303),"") -> 19 | V19: =IF(SUMIF(data_주일!$B14:$B306,$D19,data_주일!AK$11:AK$303)>0,SUMIF(data_주일!$B14:$B306,$D19,data_주일!AK$11:AK$303),"") -> 16 | W19: =IF(SUMIF(data_주일!$B14:$B306,$D19,data_주일!AL$11:AL$303)>0,SUMIF(data_주일!$B14:$B306,$D19,data_주일!AL$11:AL$303),"") | X19: =IF(SUMIF(data_주일!$B14:$B306,$D19,data_주일!AM$11:AM$303)>0,SUMIF(data_주일!$B14:$B306,$D19,data_주일!AM$11:AM$303),"") -> 16 | Y19: =SUM(K19:X19)/(COUNTA(K19:X19)-COUNTIF(K19:X19,"")) -> 16.461538
D20: 31 | F20: 35 | G20: =IF(SUMIF(data_주일!$B$11:$B$303,$D20,data_주일!V$11:V$303)>0,SUMIF(data_주일!$B$11:$B$303,$D20,data_주일!V$11:V$303),"") -> 21 | H20: =IF(SUMIF(data_주일!$B$11:$B$303,$D20,data_주일!W$11:W$303)>0,SUMIF(data_주일!$B$11:$B$303,$D20,data_주일!W$11:W$303),"") -> 25 | I20: =IF(SUMIF(data_주일!$B$11:$B$303,$D20,data_주일!X$11:X$303)>0,SUMIF(data_주일!$B$11:$B$303,$D20,data_주일!X$11:X$303),"") -> 25 | J20: =IF(SUMIF(data_주일!$B$11:$B$303,$D20,data_주일!Y$11:Y$303)>0,SUMIF(data_주일!$B$11:$B$303,$D20,data_주일!Y$11:Y$303),"") -> 26 | K20: =IF(SUMIF(data_주일!$B$11:$B$303,$D20,data_주일!Z$11:Z$303)>0,SUMIF(data_주일!$B$11:$B$303,$D20,data_주일!Z$11:Z$303),"") -> 20 | L20: =IF(SUMIF(data_주일!$B$11:$B$303,$D20,data_주일!AA$11:AA$303)>0,SUMIF(data_주일!$B$11:$B$303,$D20,data_주일!AA$11:AA$303),"") -> 20 | M20: =IF(SUMIF(data_주일!$B$11:$B$303,$D20,data_주일!AB$11:AB$303)>0,SUMIF(data_주일!$B$11:$B$303,$D20,data_주일!AB$11:AB$303),"") -> 22 | N20: =IF(SUMIF(data_주일!$B$11:$B$303,$D20,data_주일!AC$11:AC$303)>0,SUMIF(data_주일!$B$11:$B$303,$D20,data_주일!AC$11:AC$303),"") -> 22 | O20: =IF(SUMIF(data_주일!$B$11:$B$303,$D20,data_주일!AD$11:AD$303)>0,SUMIF(data_주일!$B$11:$B$303,$D20,data_주일!AD$11:AD$303),"") -> 27 | P20: =IF(SUMIF(data_주일!$B15:$B307,$D20,data_주일!AE$11:AE$303)>0,SUMIF(data_주일!$B15:$B307,$D20,data_주일!AE$11:AE$303),"") -> 26 | Q20: =IF(SUMIF(data_주일!$B15:$B307,$D20,data_주일!AF$11:AF$303)>0,SUMIF(data_주일!$B15:$B307,$D20,data_주일!AF$11:AF$303),"") -> 23 | R20: =IF(SUMIF(data_주일!$B15:$B307,$D20,data_주일!AG$11:AG$303)>0,SUMIF(data_주일!$B15:$B307,$D20,data_주일!AG$11:AG$303),"") -> 24 | S20: =IF(SUMIF(data_주일!$B15:$B307,$D20,data_주일!AH$11:AH$303)>0,SUMIF(data_주일!$B15:$B307,$D20,data_주일!AH$11:AH$303),"") -> 23 | T20: =IF(SUMIF(data_주일!$B15:$B307,$D20,data_주일!AI$11:AI$303)>0,SUMIF(data_주일!$B15:$B307,$D20,data_주일!AI$11:AI$303),"") -> 25 | U20: =IF(SUMIF(data_주일!$B15:$B307,$D20,data_주일!AJ$11:AJ$303)>0,SUMIF(data_주일!$B15:$B307,$D20,data_주일!AJ$11:AJ$303),"") -> 23 | V20: =IF(SUMIF(data_주일!$B15:$B307,$D20,data_주일!AK$11:AK$303)>0,SUMIF(data_주일!$B15:$B307,$D20,data_주일!AK$11:AK$303),"") -> 25 | W20: =IF(SUMIF(data_주일!$B15:$B307,$D20,data_주일!AL$11:AL$303)>0,SUMIF(data_주일!$B15:$B307,$D20,data_주일!AL$11:AL$303),"") | X20: =IF(SUMIF(data_주일!$B15:$B307,$D20,data_주일!AM$11:AM$303)>0,SUMIF(data_주일!$B15:$B307,$D20,data_주일!AM$11:AM$303),"") -> 25 | Y20: =SUM(K20:X20)/(COUNTA(K20:X20)-COUNTIF(K20:X20,"")) -> 23.461538
D21: 32 | F21: 28 | G21: =IF(SUMIF(data_주일!$B$11:$B$303,$D21,data_주일!V$11:V$303)>0,SUMIF(data_주일!$B$11:$B$303,$D21,data_주일!V$11:V$303),"") -> 23 | H21: =IF(SUMIF(data_주일!$B$11:$B$303,$D21,data_주일!W$11:W$303)>0,SUMIF(data_주일!$B$11:$B$303,$D21,data_주일!W$11:W$303),"") -> 24 | I21: =IF(SUMIF(data_주일!$B$11:$B$303,$D21,data_주일!X$11:X$303)>0,SUMIF(data_주일!$B$11:$B$303,$D21,data_주일!X$11:X$303),"") -> 24 | J21: =IF(SUMIF(data_주일!$B$11:$B$303,$D21,data_주일!Y$11:Y$303)>0,SUMIF(data_주일!$B$11:$B$303,$D21,data_주일!Y$11:Y$303),"") -> 23 | K21: =IF(SUMIF(data_주일!$B$11:$B$303,$D21,data_주일!Z$11:Z$303)>0,SUMIF(data_주일!$B$11:$B$303,$D21,data_주일!Z$11:Z$303),"") -> 21 | L21: =IF(SUMIF(data_주일!$B$11:$B$303,$D21,data_주일!AA$11:AA$303)>0,SUMIF(data_주일!$B$11:$B$303,$D21,data_주일!AA$11:AA$303),"") -> 22 | M21: =IF(SUMIF(data_주일!$B$11:$B$303,$D21,data_주일!AB$11:AB$303)>0,SUMIF(data_주일!$B$11:$B$303,$D21,data_주일!AB$11:AB$303),"") -> 24 | N21: =IF(SUMIF(data_주일!$B$11:$B$303,$D21,data_주일!AC$11:AC$303)>0,SUMIF(data_주일!$B$11:$B$303,$D21,data_주일!AC$11:AC$303),"") -> 25 | O21: =IF(SUMIF(data_주일!$B$11:$B$303,$D21,data_주일!AD$11:AD$303)>0,SUMIF(data_주일!$B$11:$B$303,$D21,data_주일!AD$11:AD$303),"") -> 21 | P21: =IF(SUMIF(data_주일!$B16:$B308,$D21,data_주일!AE$11:AE$303)>0,SUMIF(data_주일!$B16:$B308,$D21,data_주일!AE$11:AE$303),"") -> 25 | Q21: =IF(SUMIF(data_주일!$B16:$B308,$D21,data_주일!AF$11:AF$303)>0,SUMIF(data_주일!$B16:$B308,$D21,data_주일!AF$11:AF$303),"") -> 21 | R21: =IF(SUMIF(data_주일!$B16:$B308,$D21,data_주일!AG$11:AG$303)>0,SUMIF(data_주일!$B16:$B308,$D21,data_주일!AG$11:AG$303),"") -> 23 | S21: =IF(SUMIF(data_주일!$B16:$B308,$D21,data_주일!AH$11:AH$303)>0,SUMIF(data_주일!$B16:$B308,$D21,data_주일!AH$11:AH$303),"") -> 23 | T21: =IF(SUMIF(data_주일!$B16:$B308,$D21,data_주일!AI$11:AI$303)>0,SUMIF(data_주일!$B16:$B308,$D21,data_주일!AI$11:AI$303),"") -> 22 | U21: =IF(SUMIF(data_주일!$B16:$B308,$D21,data_주일!AJ$11:AJ$303)>0,SUMIF(data_주일!$B16:$B308,$D21,data_주일!AJ$11:AJ$303),"") -> 24 | V21: =IF(SUMIF(data_주일!$B16:$B308,$D21,data_주일!AK$11:AK$303)>0,SUMIF(data_주일!$B16:$B308,$D21,data_주일!AK$11:AK$303),"") -> 25 | W21: =IF(SUMIF(data_주일!$B16:$B308,$D21,data_주일!AL$11:AL$303)>0,SUMIF(data_주일!$B16:$B308,$D21,data_주일!AL$11:AL$303),"") | X21: =IF(SUMIF(data_주일!$B16:$B308,$D21,data_주일!AM$11:AM$303)>0,SUMIF(data_주일!$B16:$B308,$D21,data_주일!AM$11:AM$303),"") -> 22 | Y21: =SUM(K21:X21)/(COUNTA(K21:X21)-COUNTIF(K21:X21,"")) -> 22.923077
D22: 33 | F22: 12 | G22: =IF(SUMIF(data_주일!$B$11:$B$303,$D22,data_주일!V$11:V$303)>0,SUMIF(data_주일!$B$11:$B$303,$D22,data_주일!V$11:V$303),"") -> 1 | H22: =IF(SUMIF(data_주일!$B$11:$B$303,$D22,data_주일!W$11:W$303)>0,SUMIF(data_주일!$B$11:$B$303,$D22,data_주일!W$11:W$303),"") -> 5 | I22: =IF(SUMIF(data_주일!$B$11:$B$303,$D22,data_주일!X$11:X$303)>0,SUMIF(data_주일!$B$11:$B$303,$D22,data_주일!X$11:X$303),"") -> 6 | J22: =IF(SUMIF(data_주일!$B$11:$B$303,$D22,data_주일!Y$11:Y$303)>0,SUMIF(data_주일!$B$11:$B$303,$D22,data_주일!Y$11:Y$303),"") -> 6 | K22: =IF(SUMIF(data_주일!$B$11:$B$303,$D22,data_주일!Z$11:Z$303)>0,SUMIF(data_주일!$B$11:$B$303,$D22,data_주일!Z$11:Z$303),"") -> 2 | L22: =IF(SUMIF(data_주일!$B$11:$B$303,$D22,data_주일!AA$11:AA$303)>0,SUMIF(data_주일!$B$11:$B$303,$D22,data_주일!AA$11:AA$303),"") | M22: =IF(SUMIF(data_주일!$B$11:$B$303,$D22,data_주일!AB$11:AB$303)>0,SUMIF(data_주일!$B$11:$B$303,$D22,data_주일!AB$11:AB$303),"") -> 5 | N22: =IF(SUMIF(data_주일!$B$11:$B$303,$D22,data_주일!AC$11:AC$303)>0,SUMIF(data_주일!$B$11:$B$303,$D22,data_주일!AC$11:AC$303),"") -> 4 | O22: =IF(SUMIF(data_주일!$B$11:$B$303,$D22,data_주일!AD$11:AD$303)>0,SUMIF(data_주일!$B$11:$B$303,$D22,data_주일!AD$11:AD$303),"") -> 6 | P22: =IF(SUMIF(data_주일!$B17:$B309,$D22,data_주일!AE$11:AE$303)>0,SUMIF(data_주일!$B17:$B309,$D22,data_주일!AE$11:AE$303),"") -> 8 | Q22: =IF(SUMIF(data_주일!$B17:$B309,$D22,data_주일!AF$11:AF$303)>0,SUMIF(data_주일!$B17:$B309,$D22,data_주일!AF$11:AF$303),"") -> 10 | R22: =IF(SUMIF(data_주일!$B17:$B309,$D22,data_주일!AG$11:AG$303)>0,SUMIF(data_주일!$B17:$B309,$D22,data_주일!AG$11:AG$303),"") -> 7 | S22: =IF(SUMIF(data_주일!$B17:$B309,$D22,data_주일!AH$11:AH$303)>0,SUMIF(data_주일!$B17:$B309,$D22,data_주일!AH$11:AH$303),"") -> 7 | T22: =IF(SUMIF(data_주일!$B17:$B309,$D22,data_주일!AI$11:AI$303)>0,SUMIF(data_주일!$B17:$B309,$D22,data_주일!AI$11:AI$303),"") -> 5 | U22: =IF(SUMIF(data_주일!$B17:$B309,$D22,data_주일!AJ$11:AJ$303)>0,SUMIF(data_주일!$B17:$B309,$D22,data_주일!AJ$11:AJ$303),"") -> 9 | V22: =IF(SUMIF(data_주일!$B17:$B309,$D22,data_주일!AK$11:AK$303)>0,SUMIF(data_주일!$B17:$B309,$D22,data_주일!AK$11:AK$303),"") -> 7 | W22: =IF(SUMIF(data_주일!$B17:$B309,$D22,data_주일!AL$11:AL$303)>0,SUMIF(data_주일!$B17:$B309,$D22,data_주일!AL$11:AL$303),"") | X22: =IF(SUMIF(data_주일!$B17:$B309,$D22,data_주일!AM$11:AM$303)>0,SUMIF(data_주일!$B17:$B309,$D22,data_주일!AM$11:AM$303),"") -> 7 | Y22: =SUM(K22:X22)/(COUNTA(K22:X22)-COUNTIF(K22:X22,"")) -> 6.4166667
D23: 41 | F23: 30 | G23: =IF(SUMIF(data_주일!$B$11:$B$303,$D23,data_주일!V$11:V$303)>0,SUMIF(data_주일!$B$11:$B$303,$D23,data_주일!V$11:V$303),"") -> 23 | H23: =IF(SUMIF(data_주일!$B$11:$B$303,$D23,data_주일!W$11:W$303)>0,SUMIF(data_주일!$B$11:$B$303,$D23,data_주일!W$11:W$303),"") -> 21 | I23: =IF(SUMIF(data_주일!$B$11:$B$303,$D23,data_주일!X$11:X$303)>0,SUMIF(data_주일!$B$11:$B$303,$D23,data_주일!X$11:X$303),"") -> 20 | J23: =IF(SUMIF(data_주일!$B$11:$B$303,$D23,data_주일!Y$11:Y$303)>0,SUMIF(data_주일!$B$11:$B$303,$D23,data_주일!Y$11:Y$303),"") -> 24 | K23: =IF(SUMIF(data_주일!$B$11:$B$303,$D23,data_주일!Z$11:Z$303)>0,SUMIF(data_주일!$B$11:$B$303,$D23,data_주일!Z$11:Z$303),"") -> 24 | L23: =IF(SUMIF(data_주일!$B$11:$B$303,$D23,data_주일!AA$11:AA$303)>0,SUMIF(data_주일!$B$11:$B$303,$D23,data_주일!AA$11:AA$303),"") -> 23 | M23: =IF(SUMIF(data_주일!$B$11:$B$303,$D23,data_주일!AB$11:AB$303)>0,SUMIF(data_주일!$B$11:$B$303,$D23,data_주일!AB$11:AB$303),"") -> 22 | N23: =IF(SUMIF(data_주일!$B$11:$B$303,$D23,data_주일!AC$11:AC$303)>0,SUMIF(data_주일!$B$11:$B$303,$D23,data_주일!AC$11:AC$303),"") -> 22 | O23: =IF(SUMIF(data_주일!$B$11:$B$303,$D23,data_주일!AD$11:AD$303)>0,SUMIF(data_주일!$B$11:$B$303,$D23,data_주일!AD$11:AD$303),"") -> 15 | P23: =IF(SUMIF(data_주일!$B18:$B310,$D23,data_주일!AE$11:AE$303)>0,SUMIF(data_주일!$B18:$B310,$D23,data_주일!AE$11:AE$303),"") -> 16 | Q23: =IF(SUMIF(data_주일!$B18:$B310,$D23,data_주일!AF$11:AF$303)>0,SUMIF(data_주일!$B18:$B310,$D23,data_주일!AF$11:AF$303),"") -> 19 | R23: =IF(SUMIF(data_주일!$B18:$B310,$D23,data_주일!AG$11:AG$303)>0,SUMIF(data_주일!$B18:$B310,$D23,data_주일!AG$11:AG$303),"") -> 20 | S23: =IF(SUMIF(data_주일!$B18:$B310,$D23,data_주일!AH$11:AH$303)>0,SUMIF(data_주일!$B18:$B310,$D23,data_주일!AH$11:AH$303),"") -> 15 | T23: =IF(SUMIF(data_주일!$B18:$B310,$D23,data_주일!AI$11:AI$303)>0,SUMIF(data_주일!$B18:$B310,$D23,data_주일!AI$11:AI$303),"") -> 21 | U23: =IF(SUMIF(data_주일!$B18:$B310,$D23,data_주일!AJ$11:AJ$303)>0,SUMIF(data_주일!$B18:$B310,$D23,data_주일!AJ$11:AJ$303),"") -> 19 | V23: =IF(SUMIF(data_주일!$B18:$B310,$D23,data_주일!AK$11:AK$303)>0,SUMIF(data_주일!$B18:$B310,$D23,data_주일!AK$11:AK$303),"") -> 21 | W23: =IF(SUMIF(data_주일!$B18:$B310,$D23,data_주일!AL$11:AL$303)>0,SUMIF(data_주일!$B18:$B310,$D23,data_주일!AL$11:AL$303),"") | X23: =IF(SUMIF(data_주일!$B18:$B310,$D23,data_주일!AM$11:AM$303)>0,SUMIF(data_주일!$B18:$B310,$D23,data_주일!AM$11:AM$303),"") -> 18 | Y23: =SUM(K23:X23)/(COUNTA(K23:X23)-COUNTIF(K23:X23,"")) -> 19.615385
D24: 42 | F24: 29 | G24: =IF(SUMIF(data_주일!$B$11:$B$303,$D24,data_주일!V$11:V$303)>0,SUMIF(data_주일!$B$11:$B$303,$D24,data_주일!V$11:V$303),"") -> 18 | H24: =IF(SUMIF(data_주일!$B$11:$B$303,$D24,data_주일!W$11:W$303)>0,SUMIF(data_주일!$B$11:$B$303,$D24,data_주일!W$11:W$303),"") -> 13 | I24: =IF(SUMIF(data_주일!$B$11:$B$303,$D24,data_주일!X$11:X$303)>0,SUMIF(data_주일!$B$11:$B$303,$D24,data_주일!X$11:X$303),"") -> 22 | J24: =IF(SUMIF(data_주일!$B$11:$B$303,$D24,data_주일!Y$11:Y$303)>0,SUMIF(data_주일!$B$11:$B$303,$D24,data_주일!Y$11:Y$303),"") -> 19 | K24: =IF(SUMIF(data_주일!$B$11:$B$303,$D24,data_주일!Z$11:Z$303)>0,SUMIF(data_주일!$B$11:$B$303,$D24,data_주일!Z$11:Z$303),"") -> 22 | L24: =IF(SUMIF(data_주일!$B$11:$B$303,$D24,data_주일!AA$11:AA$303)>0,SUMIF(data_주일!$B$11:$B$303,$D24,data_주일!AA$11:AA$303),"") -> 24 | M24: =IF(SUMIF(data_주일!$B$11:$B$303,$D24,data_주일!AB$11:AB$303)>0,SUMIF(data_주일!$B$11:$B$303,$D24,data_주일!AB$11:AB$303),"") -> 23 | N24: =IF(SUMIF(data_주일!$B$11:$B$303,$D24,data_주일!AC$11:AC$303)>0,SUMIF(data_주일!$B$11:$B$303,$D24,data_주일!AC$11:AC$303),"") -> 23 | O24: =IF(SUMIF(data_주일!$B$11:$B$303,$D24,data_주일!AD$11:AD$303)>0,SUMIF(data_주일!$B$11:$B$303,$D24,data_주일!AD$11:AD$303),"") -> 23 | P24: =IF(SUMIF(data_주일!$B19:$B311,$D24,data_주일!AE$11:AE$303)>0,SUMIF(data_주일!$B19:$B311,$D24,data_주일!AE$11:AE$303),"") -> 22 | Q24: =IF(SUMIF(data_주일!$B19:$B311,$D24,data_주일!AF$11:AF$303)>0,SUMIF(data_주일!$B19:$B311,$D24,data_주일!AF$11:AF$303),"") -> 22 | R24: =IF(SUMIF(data_주일!$B19:$B311,$D24,data_주일!AG$11:AG$303)>0,SUMIF(data_주일!$B19:$B311,$D24,data_주일!AG$11:AG$303),"") -> 21 | S24: =IF(SUMIF(data_주일!$B19:$B311,$D24,data_주일!AH$11:AH$303)>0,SUMIF(data_주일!$B19:$B311,$D24,data_주일!AH$11:AH$303),"") -> 19 | T24: =IF(SUMIF(data_주일!$B19:$B311,$D24,data_주일!AI$11:AI$303)>0,SUMIF(data_주일!$B19:$B311,$D24,data_주일!AI$11:AI$303),"") -> 23 | U24: =IF(SUMIF(data_주일!$B19:$B311,$D24,data_주일!AJ$11:AJ$303)>0,SUMIF(data_주일!$B19:$B311,$D24,data_주일!AJ$11:AJ$303),"") -> 20 | V24: =IF(SUMIF(data_주일!$B19:$B311,$D24,data_주일!AK$11:AK$303)>0,SUMIF(data_주일!$B19:$B311,$D24,data_주일!AK$11:AK$303),"") -> 22 | W24: =IF(SUMIF(data_주일!$B19:$B311,$D24,data_주일!AL$11:AL$303)>0,SUMIF(data_주일!$B19:$B311,$D24,data_주일!AL$11:AL$303),"") | X24: =IF(SUMIF(data_주일!$B19:$B311,$D24,data_주일!AM$11:AM$303)>0,SUMIF(data_주일!$B19:$B311,$D24,data_주일!AM$11:AM$303),"") -> 20 | Y24: =SUM(K24:X24)/(COUNTA(K24:X24)-COUNTIF(K24:X24,"")) -> 21.846154
D25: 43 | F25: 34 | G25: =IF(SUMIF(data_주일!$B$11:$B$303,$D25,data_주일!V$11:V$303)>0,SUMIF(data_주일!$B$11:$B$303,$D25,data_주일!V$11:V$303),"") -> 23 | H25: =IF(SUMIF(data_주일!$B$11:$B$303,$D25,data_주일!W$11:W$303)>0,SUMIF(data_주일!$B$11:$B$303,$D25,data_주일!W$11:W$303),"") -> 23 | I25: =IF(SUMIF(data_주일!$B$11:$B$303,$D25,data_주일!X$11:X$303)>0,SUMIF(data_주일!$B$11:$B$303,$D25,data_주일!X$11:X$303),"") -> 22 | J25: =IF(SUMIF(data_주일!$B$11:$B$303,$D25,data_주일!Y$11:Y$303)>0,SUMIF(data_주일!$B$11:$B$303,$D25,data_주일!Y$11:Y$303),"") -> 26 | K25: =IF(SUMIF(data_주일!$B$11:$B$303,$D25,data_주일!Z$11:Z$303)>0,SUMIF(data_주일!$B$11:$B$303,$D25,data_주일!Z$11:Z$303),"") -> 26 | L25: =IF(SUMIF(data_주일!$B$11:$B$303,$D25,data_주일!AA$11:AA$303)>0,SUMIF(data_주일!$B$11:$B$303,$D25,data_주일!AA$11:AA$303),"") -> 22 | M25: =IF(SUMIF(data_주일!$B$11:$B$303,$D25,data_주일!AB$11:AB$303)>0,SUMIF(data_주일!$B$11:$B$303,$D25,data_주일!AB$11:AB$303),"") -> 28 | N25: =IF(SUMIF(data_주일!$B$11:$B$303,$D25,data_주일!AC$11:AC$303)>0,SUMIF(data_주일!$B$11:$B$303,$D25,data_주일!AC$11:AC$303),"") -> 25 | O25: =IF(SUMIF(data_주일!$B$11:$B$303,$D25,data_주일!AD$11:AD$303)>0,SUMIF(data_주일!$B$11:$B$303,$D25,data_주일!AD$11:AD$303),"") -> 25 | P25: =IF(SUMIF(data_주일!$B20:$B312,$D25,data_주일!AE$11:AE$303)>0,SUMIF(data_주일!$B20:$B312,$D25,data_주일!AE$11:AE$303),"") -> 28 | Q25: =IF(SUMIF(data_주일!$B20:$B312,$D25,data_주일!AF$11:AF$303)>0,SUMIF(data_주일!$B20:$B312,$D25,data_주일!AF$11:AF$303),"") -> 27 | R25: =IF(SUMIF(data_주일!$B20:$B312,$D25,data_주일!AG$11:AG$303)>0,SUMIF(data_주일!$B20:$B312,$D25,data_주일!AG$11:AG$303),"") -> 22 | S25: =IF(SUMIF(data_주일!$B20:$B312,$D25,data_주일!AH$11:AH$303)>0,SUMIF(data_주일!$B20:$B312,$D25,data_주일!AH$11:AH$303),"") -> 26 | T25: =IF(SUMIF(data_주일!$B20:$B312,$D25,data_주일!AI$11:AI$303)>0,SUMIF(data_주일!$B20:$B312,$D25,data_주일!AI$11:AI$303),"") -> 27 | U25: =IF(SUMIF(data_주일!$B20:$B312,$D25,data_주일!AJ$11:AJ$303)>0,SUMIF(data_주일!$B20:$B312,$D25,data_주일!AJ$11:AJ$303),"") -> 22 | V25: =IF(SUMIF(data_주일!$B20:$B312,$D25,data_주일!AK$11:AK$303)>0,SUMIF(data_주일!$B20:$B312,$D25,data_주일!AK$11:AK$303),"") -> 26 | W25: =IF(SUMIF(data_주일!$B20:$B312,$D25,data_주일!AL$11:AL$303)>0,SUMIF(data_주일!$B20:$B312,$D25,data_주일!AL$11:AL$303),"") | X25: =IF(SUMIF(data_주일!$B20:$B312,$D25,data_주일!AM$11:AM$303)>0,SUMIF(data_주일!$B20:$B312,$D25,data_주일!AM$11:AM$303),"") -> 26 | Y25: =SUM(K25:X25)/(COUNTA(K25:X25)-COUNTIF(K25:X25,"")) -> 25.384615
C26: 교회학교 | F26: 유초 | G26: 10 | H26: 12 | I26: 11 | J26: 8 | K26: 8 | L26: 10 | M26: 11 | N26: 8 | O26: 12 | P26: 14 | Q26: 10 | R26: 8 | S26: 14 | T26: 12 | U26: 13 | Y26: =SUM(K26:X26)/(COUNTA(K26:X26)) -> 10.909091
F27: 중고 | G27: 19 | H27: 21 | I27: 16 | J27: 16 | K27: 17 | L27: 20 | M27: 18 | N27: 17 | O27: 17 | P27: 19 | Q27: 17 | R27: 18 | S27: 15 | T27: 18 | U27: 24 | Y27: =SUM(K27:X27)/(COUNTA(K27:X27)) -> 18.181818
C28: 합계 | G28: =IF(SUM(G14,G26,G27)>0,SUM(G14,G26,G27),"") -> 226 | H28: =IF(SUM(H14,H26,H27)>0,SUM(H14,H26,H27),"") -> 226 | I28: =IF(SUM(I14,I26,I27)>0,SUM(I14,I26,I27),"") -> 243 | J28: =IF(SUM(J14,J26,J27)>0,SUM(J14,J26,J27),"") -> 236 | K28: =IF(SUM(K14,K26,K27)>0,SUM(K14,K26,K27),"") -> 226 | L28: =IF(SUM(L14,L26,L27)>0,SUM(L14,L26,L27),"") -> 228 | M28: =IF(SUM(M14,M26,M27)>0,SUM(M14,M26,M27),"") -> 241 | N28: =IF(SUM(N14,N26,N27)>0,SUM(N14,N26,N27),"") -> 235 | ... X28: =IF(SUM(X14,X26,X27)>0,SUM(X14,X26,X27),"") -> 212 | Y28: =SUM(K28:X28)/(COUNTA(K28:X28)-COUNTIF(K28:X28,"")) -> 233.46154
C29: ※ 유초등부, 중고등부는 별도 파악하여 입력
C42: 명단 | D42: 인도자 | F42: 구역 | G42: 45752 | H42: 45759 | I42: 45766 | J42: 45773 | K42: =K13 -> 46145 | L42: =L13 -> 46152 | M42: =M13 -> 46159 | N42: =N13 -> 46166 | O42: =O13 -> 46173 | P42: =P13 -> 46180 | Q42: =Q13 -> 46187 | R42: =R13 -> 46194 | ... X42: =X13 -> 46236
C43: =IF(data_주일!C309="","",data_주일!C309) -> 윤나영 | D43: =IF(data_주일!D309="","",data_주일!D309) -> 최경숙 | F43: =IF(data_주일!B309="","",data_주일!B309) -> 11 | G43: =IF(data_주일!V309=1,$C43,"") | H43: =IF(data_주일!W309=1,$C43,"") | I43: =IF(data_주일!X309=1,$C43,"") | J43: =IF(data_주일!Y309=1,$C43,"") | K43: =IF(data_주일!Z309=1,$C43,"") | L43: =IF(data_주일!AA309=1,$C43,"") | M43: =IF(data_주일!AB309=1,$C43,"") | N43: =IF(data_주일!AC309=1,$C43,"") | ... X43: =IF(data_주일!AM309=1,$C43,"")
C44: =IF(data_주일!C310="","",data_주일!C310) -> 조미경 | D44: =IF(data_주일!D310="","",data_주일!D310) -> 서금자 | F44: =IF(data_주일!B310="","",data_주일!B310) -> 11 | G44: =IF(data_주일!V310=1,$C44,"") | H44: =IF(data_주일!W310=1,$C44,"") | I44: =IF(data_주일!X310=1,$C44,"") | J44: =IF(data_주일!Y310=1,$C44,"") | K44: =IF(data_주일!Z310=1,$C44,"") -> 조미경 | L44: =IF(data_주일!AA310=1,$C44,"") | M44: =IF(data_주일!AB310=1,$C44,"") | N44: =IF(data_주일!AC310=1,$C44,"") | ... X44: =IF(data_주일!AM310=1,$C44,"")
C45: =IF(data_주일!C311="","",data_주일!C311) -> 차경은 | D45: =IF(data_주일!D311="","",data_주일!D311) -> 이지영 | F45: =IF(data_주일!B311="","",data_주일!B311) -> 11 | G45: =IF(data_주일!V311=1,$C45,"") | H45: =IF(data_주일!W311=1,$C45,"") | I45: =IF(data_주일!X311=1,$C45,"") | J45: =IF(data_주일!Y311=1,$C45,"") | K45: =IF(data_주일!Z311=1,$C45,"") -> 차경은 | L45: =IF(data_주일!AA311=1,$C45,"") | M45: =IF(data_주일!AB311=1,$C45,"") | N45: =IF(data_주일!AC311=1,$C45,"") | ... X45: =IF(data_주일!AM311=1,$C45,"")
C46: =IF(data_주일!C312="","",data_주일!C312) -> 차미나 | D46: =IF(data_주일!D312="","",data_주일!D312) -> 이지영 | F46: =IF(data_주일!B312="","",data_주일!B312) -> 11 | G46: =IF(data_주일!V312=1,$C46,"") | H46: =IF(data_주일!W312=1,$C46,"") | I46: =IF(data_주일!X312=1,$C46,"") | J46: =IF(data_주일!Y312=1,$C46,"") | K46: =IF(data_주일!Z312=1,$C46,"") -> 차미나 | L46: =IF(data_주일!AA312=1,$C46,"") | M46: =IF(data_주일!AB312=1,$C46,"") | N46: =IF(data_주일!AC312=1,$C46,"") | ... X46: =IF(data_주일!AM312=1,$C46,"")
C47: =IF(data_주일!C315="","",data_주일!C315) -> 송경애 | D47: =IF(data_주일!D315="","",data_주일!D315) -> 조수자 | F47: =IF(data_주일!B315="","",data_주일!B315) -> 12 | G47: =IF(data_주일!V318=1,$C47,"") | H47: =IF(data_주일!W318=1,$C47,"") | I47: =IF(data_주일!X318=1,$C47,"") | J47: =IF(data_주일!Y318=1,$C47,"") | K47: =IF(data_주일!Z315=1,$C47,"") | L47: =IF(data_주일!AA315=1,$C47,"") | M47: =IF(data_주일!AB315=1,$C47,"") | N47: =IF(data_주일!AC315=1,$C47,"") | O47: =IF(data_주일!AD315=1,$C47,"") | P47: =IF(data_주일!AE315=1,$C47,"") | Q47: =IF(data_주일!AF315=1,$C47,"") | R47: =IF(data_주일!AG315=1,$C47,"") | ... X47: =IF(data_주일!AM315=1,$C47,"") -> 송경애
C48: =IF(data_주일!C318="","",data_주일!C318) -> 신현금 | D48: =IF(data_주일!D318="","",data_주일!D318) -> 김재홍 | F48: =IF(data_주일!B318="","",data_주일!B318) -> 21 | G48: =IF(data_주일!V319=1,$C48,"") | H48: =IF(data_주일!W319=1,$C48,"") | I48: =IF(data_주일!X319=1,$C48,"") | J48: =IF(data_주일!Y319=1,$C48,"") | K48: =IF(data_주일!Z318=1,$C48,"") -> 신현금 | L48: =IF(data_주일!AA318=1,$C48,"") | M48: =IF(data_주일!AB318=1,$C48,"") -> 신현금 | N48: =IF(data_주일!AC318=1,$C48,"") -> 신현금 | O48: =IF(data_주일!AD318=1,$C48,"") -> 신현금 | P48: =IF(data_주일!AE318=1,$C48,"") | Q48: =IF(data_주일!AF318=1,$C48,"") | R48: =IF(data_주일!AG318=1,$C48,"") | ... X48: =IF(data_주일!AM318=1,$C48,"")
C49: =IF(data_주일!C319="","",data_주일!C319) -> 노정희 | D49: =IF(data_주일!D319="","",data_주일!D319) -> 박점숙 | F49: =IF(data_주일!B319="","",data_주일!B319) -> 21 | G49: =IF(data_주일!V321=1,$C49,"") -> 노정희 | H49: =IF(data_주일!W321=1,$C49,"") | I49: =IF(data_주일!X321=1,$C49,"") | J49: =IF(data_주일!Y321=1,$C49,"") -> 노정희 | K49: =IF(data_주일!Z319=1,$C49,"") -> 노정희 | L49: =IF(data_주일!AA319=1,$C49,"") | M49: =IF(data_주일!AB319=1,$C49,"") -> 노정희 | N49: =IF(data_주일!AC319=1,$C49,"") -> 노정희 | O49: =IF(data_주일!AD319=1,$C49,"") -> 노정희 | P49: =IF(data_주일!AE319=1,$C49,"") | Q49: =IF(data_주일!AF319=1,$C49,"") | R49: =IF(data_주일!AG319=1,$C49,"") | ... X49: =IF(data_주일!AM319=1,$C49,"") -> 노정희
C50: =IF(data_주일!C321="","",data_주일!C321) -> 김창명 | D50: =IF(data_주일!D321="","",data_주일!D321) -> 배미숙 | F50: =IF(data_주일!B321="","",data_주일!B321) -> 22 | G50: =IF(data_주일!V323=1,$C50,"") | H50: =IF(data_주일!W323=1,$C50,"") | I50: =IF(data_주일!X323=1,$C50,"") | J50: =IF(data_주일!Y323=1,$C50,"") | K50: =IF(data_주일!Z321=1,$C50,"") -> 김창명 | L50: =IF(data_주일!AA321=1,$C50,"") | M50: =IF(data_주일!AB321=1,$C50,"") -> 김창명 | N50: =IF(data_주일!AC321=1,$C50,"") | O50: =IF(data_주일!AD321=1,$C50,"") | P50: =IF(data_주일!AE321=1,$C50,"") | Q50: =IF(data_주일!AF321=1,$C50,"") | R50: =IF(data_주일!AG321=1,$C50,"") | ... X50: =IF(data_주일!AM321=1,$C50,"")
C51: =IF(data_주일!C323="","",data_주일!C323) -> 이경옥 | D51: =IF(data_주일!D323="","",data_주일!D323) -> 배미숙 | F51: =IF(data_주일!B323="","",data_주일!B323) -> 22 | G51: =IF(data_주일!V325=1,$C51,"") | H51: =IF(data_주일!W325=1,$C51,"") | I51: =IF(data_주일!X325=1,$C51,"") | J51: =IF(data_주일!Y325=1,$C51,"") | K51: =IF(data_주일!Z323=1,$C51,"") -> 이경옥 | L51: =IF(data_주일!AA323=1,$C51,"") | M51: =IF(data_주일!AB323=1,$C51,"") | N51: =IF(data_주일!AC323=1,$C51,"") -> 이경옥 | O51: =IF(data_주일!AD323=1,$C51,"") | P51: =IF(data_주일!AE323=1,$C51,"") -> 이경옥 | Q51: =IF(data_주일!AF323=1,$C51,"") -> 이경옥 | R51: =IF(data_주일!AG323=1,$C51,"") -> 이경옥 | ... X51: =IF(data_주일!AM323=1,$C51,"")
C52: =IF(data_주일!C324="","",data_주일!C324) -> 이순자 | D52: =IF(data_주일!D324="","",data_주일!D324) -> 박미옥 | F52: =IF(data_주일!B324="","",data_주일!B324) -> 22 | G52: =IF(data_주일!V326=1,$C52,"") | H52: =IF(data_주일!W326=1,$C52,"") | I52: =IF(data_주일!X326=1,$C52,"") | J52: =IF(data_주일!Y326=1,$C52,"") | K52: =IF(data_주일!Z324=1,$C52,"") | L52: =IF(data_주일!AA324=1,$C52,"") | M52: =IF(data_주일!AB324=1,$C52,"") | N52: =IF(data_주일!AC324=1,$C52,"") | O52: =IF(data_주일!AD324=1,$C52,"") | P52: =IF(data_주일!AE324=1,$C52,"") | Q52: =IF(data_주일!AF324=1,$C52,"") -> 이순자 | R52: =IF(data_주일!AG324=1,$C52,"") | ... X52: =IF(data_주일!AM324=1,$C52,"")
C53: =IF(data_주일!C325="","",data_주일!C325) -> 정니영 | D53: =IF(data_주일!D325="","",data_주일!D325) -> 박미옥 | F53: =IF(data_주일!B325="","",data_주일!B325) -> 22 | G53: =IF(data_주일!V328=1,$C53,"") | H53: =IF(data_주일!W328=1,$C53,"") | I53: =IF(data_주일!X328=1,$C53,"") | J53: =IF(data_주일!Y328=1,$C53,"") | K53: =IF(data_주일!Z325=1,$C53,"") | L53: =IF(data_주일!AA325=1,$C53,"") | M53: =IF(data_주일!AB325=1,$C53,"") | N53: =IF(data_주일!AC325=1,$C53,"") -> 정니영 | O53: =IF(data_주일!AD325=1,$C53,"") | P53: =IF(data_주일!AE325=1,$C53,"") -> 정니영 | Q53: =IF(data_주일!AF325=1,$C53,"") -> 정니영 | R53: =IF(data_주일!AG325=1,$C53,"") -> 정니영 | ... X53: =IF(data_주일!AM325=1,$C53,"")
C54: =IF(data_주일!C326="","",data_주일!C326) -> 김명선 | D54: =IF(data_주일!D326="","",data_주일!D326) -> 김명선 | F54: =IF(data_주일!B326="","",data_주일!B326) -> 31 | G54: =IF(data_주일!V329=1,$C54,"") | H54: =IF(data_주일!W329=1,$C54,"") | I54: =IF(data_주일!X329=1,$C54,"") | J54: =IF(data_주일!Y329=1,$C54,"") | K54: =IF(data_주일!Z326=1,$C54,"") -> 김명선 | L54: =IF(data_주일!AA326=1,$C54,"") -> 김명선 | M54: =IF(data_주일!AB326=1,$C54,"") -> 김명선 | N54: =IF(data_주일!AC326=1,$C54,"") -> 김명선 | O54: =IF(data_주일!AD326=1,$C54,"") -> 김명선 | P54: =IF(data_주일!AE326=1,$C54,"") -> 김명선 | Q54: =IF(data_주일!AF326=1,$C54,"") -> 김명선 | R54: =IF(data_주일!AG326=1,$C54,"") | ... X54: =IF(data_주일!AM326=1,$C54,"")
C55: =IF(data_주일!C328="","",data_주일!C328) -> 정양선 | D55: =IF(data_주일!D328="","",data_주일!D328) -> 이미화 | F55: =IF(data_주일!B328="","",data_주일!B328) -> 32 | G55: =IF(data_주일!V330=1,$C55,"") | H55: =IF(data_주일!W330=1,$C55,"") | I55: =IF(data_주일!X330=1,$C55,"") | J55: =IF(data_주일!Y330=1,$C55,"") | K55: =IF(data_주일!Z328=1,$C55,"") -> 정양선 | L55: =IF(data_주일!AA328=1,$C55,"") -> 정양선 | M55: =IF(data_주일!AB328=1,$C55,"") | N55: =IF(data_주일!AC328=1,$C55,"") | O55: =IF(data_주일!AD328=1,$C55,"") | P55: =IF(data_주일!AE328=1,$C55,"") -> 정양선 | Q55: =IF(data_주일!AF328=1,$C55,"") | R55: =IF(data_주일!AG328=1,$C55,"") | ... X55: =IF(data_주일!AM328=1,$C55,"")
C56: =IF(data_주일!C329="","",data_주일!C329) -> 최영욱 | D56: =IF(data_주일!D329="","",data_주일!D329) -> 최명희 | F56: =IF(data_주일!B329="","",data_주일!B329) -> 32 | G56: =IF(data_주일!V331=1,$C56,"") | H56: =IF(data_주일!W331=1,$C56,"") | I56: =IF(data_주일!X331=1,$C56,"") | J56: =IF(data_주일!Y331=1,$C56,"") | K56: =IF(data_주일!Z329=1,$C56,"") | L56: =IF(data_주일!AA329=1,$C56,"") | M56: =IF(data_주일!AB329=1,$C56,"") | N56: =IF(data_주일!AC329=1,$C56,"") | O56: =IF(data_주일!AD329=1,$C56,"") | P56: =IF(data_주일!AE329=1,$C56,"") | Q56: =IF(data_주일!AF329=1,$C56,"") | R56: =IF(data_주일!AG329=1,$C56,"") | ... X56: =IF(data_주일!AM329=1,$C56,"")
C57: =IF(data_주일!C330="","",data_주일!C330) -> 최명희 | D57: =IF(data_주일!D330="","",data_주일!D330) -> 윤영희 | F57: =IF(data_주일!B330="","",data_주일!B330) -> 32 | G57: =IF(data_주일!V332=1,$C57,"") | H57: =IF(data_주일!W332=1,$C57,"") | I57: =IF(data_주일!X332=1,$C57,"") | J57: =IF(data_주일!Y332=1,$C57,"") | K57: =IF(data_주일!Z330=1,$C57,"") | L57: =IF(data_주일!AA330=1,$C57,"") | M57: =IF(data_주일!AB330=1,$C57,"") | N57: =IF(data_주일!AC330=1,$C57,"") | O57: =IF(data_주일!AD330=1,$C57,"") | P57: =IF(data_주일!AE330=1,$C57,"") | Q57: =IF(data_주일!AF330=1,$C57,"") | R57: =IF(data_주일!AG330=1,$C57,"") | ... X57: =IF(data_주일!AM330=1,$C57,"")
C58: =IF(data_주일!C331="","",data_주일!C331) -> 이예인 | D58: =IF(data_주일!D331="","",data_주일!D331) -> 오은경 | F58: =IF(data_주일!B331="","",data_주일!B331) -> 32 | G58: =IF(data_주일!V335=1,$C58,"") | H58: =IF(data_주일!W335=1,$C58,"") | I58: =IF(data_주일!X335=1,$C58,"") | J58: =IF(data_주일!Y335=1,$C58,"") | K58: =IF(data_주일!Z331=1,$C58,"") | L58: =IF(data_주일!AA331=1,$C58,"") | M58: =IF(data_주일!AB331=1,$C58,"") | N58: =IF(data_주일!AC331=1,$C58,"") -> 이예인 | O58: =IF(data_주일!AD331=1,$C58,"") | P58: =IF(data_주일!AE331=1,$C58,"") | Q58: =IF(data_주일!AF331=1,$C58,"") | R58: =IF(data_주일!AG331=1,$C58,"") | ... X58: =IF(data_주일!AM331=1,$C58,"")
C59: =IF(data_주일!C332="","",data_주일!C332) -> 오상진 | D59: =IF(data_주일!D332="","",data_주일!D332) -> 최명희 | F59: =IF(data_주일!B332="","",data_주일!B332) -> 32 | G59: =IF(data_주일!V336=1,$C59,"") | H59: =IF(data_주일!W336=1,$C59,"") | I59: =IF(data_주일!X336=1,$C59,"") | J59: =IF(data_주일!Y336=1,$C59,"") | K59: =IF(data_주일!Z332=1,$C59,"") | L59: =IF(data_주일!AA332=1,$C59,"") | M59: =IF(data_주일!AB332=1,$C59,"") | N59: =IF(data_주일!AC332=1,$C59,"") -> 오상진 | O59: =IF(data_주일!AD332=1,$C59,"") | P59: =IF(data_주일!AE332=1,$C59,"") | Q59: =IF(data_주일!AF332=1,$C59,"") | R59: =IF(data_주일!AG332=1,$C59,"") | ... X59: =IF(data_주일!AM332=1,$C59,"")
C60: =IF(data_주일!C335="","",data_주일!C335) -> 김예솔 | D60: =IF(data_주일!D335="","",data_주일!D335) -> 백종애 | F60: =IF(data_주일!B335="","",data_주일!B335) -> 41 | G60: =IF(data_주일!V336=1,$C60,"") | H60: =IF(data_주일!W336=1,$C60,"") | I60: =IF(data_주일!X336=1,$C60,"") | J60: =IF(data_주일!Y336=1,$C60,"") | K60: =IF(data_주일!Z335=1,$C60,"") -> 김예솔 | L60: =IF(data_주일!AA335=1,$C60,"") -> 김예솔 | M60: =IF(data_주일!AB335=1,$C60,"") -> 김예솔 | N60: =IF(data_주일!AC335=1,$C60,"") -> 김예솔 | O60: =IF(data_주일!AD335=1,$C60,"") -> 김예솔 | P60: =IF(data_주일!AE335=1,$C60,"") -> 김예솔 | Q60: =IF(data_주일!AF335=1,$C60,"") -> 김예솔 | R60: =IF(data_주일!AG335=1,$C60,"") -> 김예솔 | ... X60: =IF(data_주일!AM335=1,$C60,"") -> 김예솔
C61: =IF(data_주일!C336="","",data_주일!C336) -> 허수희 | D61: =IF(data_주일!D336="","",data_주일!D336) -> 이지영 | F61: =IF(data_주일!B336="","",data_주일!B336) -> 41 | G61: =IF(data_주일!V337=1,$C61,"") | H61: =IF(data_주일!W337=1,$C61,"") | I61: =IF(data_주일!X337=1,$C61,"") | J61: =IF(data_주일!Y337=1,$C61,"") | K61: =IF(data_주일!Z336=1,$C61,"") | L61: =IF(data_주일!AA336=1,$C61,"") | M61: =IF(data_주일!AB336=1,$C61,"") | N61: =IF(data_주일!AC336=1,$C61,"") | O61: =IF(data_주일!AD336=1,$C61,"") | P61: =IF(data_주일!AE336=1,$C61,"") | Q61: =IF(data_주일!AF336=1,$C61,"") | R61: =IF(data_주일!AG336=1,$C61,"") | ... X61: =IF(data_주일!AM336=1,$C61,"") -> 허수희
C62: =IF(data_주일!C337="","",data_주일!C337) -> 김성수 | D62: =IF(data_주일!D337="","",data_주일!D337) -> 박성찬 | F62: =IF(data_주일!B337="","",data_주일!B337) -> 42 | G62: =IF(data_주일!V330=1,$C62,"") | H62: =IF(data_주일!W330=1,$C62,"") | I62: =IF(data_주일!X330=1,$C62,"") | J62: =IF(data_주일!Y330=1,$C62,"") | K62: =IF(data_주일!Z337=1,$C62,"") | L62: =IF(data_주일!AA337=1,$C62,"") | M62: =IF(data_주일!AB337=1,$C62,"") | N62: =IF(data_주일!AC337=1,$C62,"") | O62: =IF(data_주일!AD337=1,$C62,"") | P62: =IF(data_주일!AE337=1,$C62,"") | Q62: =IF(data_주일!AF337=1,$C62,"") | R62: =IF(data_주일!AG337=1,$C62,"") | ... X62: =IF(data_주일!AM337=1,$C62,"") -> 김성수
C63: =IF(data_주일!C338="","",data_주일!C338) -> 이남경 | D63: =IF(data_주일!D338="","",data_주일!D338) -> 김성수 | F63: =IF(data_주일!B338="","",data_주일!B338) -> 42 | G63: =IF(data_주일!V331=1,$C63,"") | H63: =IF(data_주일!W331=1,$C63,"") | I63: =IF(data_주일!X331=1,$C63,"") | J63: =IF(data_주일!Y331=1,$C63,"") | K63: =IF(data_주일!Z338=1,$C63,"") | L63: =IF(data_주일!AA338=1,$C63,"") | M63: =IF(data_주일!AB338=1,$C63,"") | N63: =IF(data_주일!AC338=1,$C63,"") | O63: =IF(data_주일!AD338=1,$C63,"") | P63: =IF(data_주일!AE338=1,$C63,"") | Q63: =IF(data_주일!AF338=1,$C63,"") | R63: =IF(data_주일!AG338=1,$C63,"") | ... X63: =IF(data_주일!AM338=1,$C63,"")
C64: =IF(data_주일!C339="","",data_주일!C339) -> 김광홍 | D64: =IF(data_주일!D339="","",data_주일!D339) -> 서영석 | F64: =IF(data_주일!B339="","",data_주일!B339) -> 43 | G64: =IF(data_주일!V332=1,$C64,"") | H64: =IF(data_주일!W332=1,$C64,"") | I64: =IF(data_주일!X332=1,$C64,"") | J64: =IF(data_주일!Y332=1,$C64,"") | K64: =IF(data_주일!Z339=1,$C64,"") | L64: =IF(data_주일!AA339=1,$C64,"") | M64: =IF(data_주일!AB339=1,$C64,"") | N64: =IF(data_주일!AC339=1,$C64,"") | O64: =IF(data_주일!AD339=1,$C64,"") | P64: =IF(data_주일!AE339=1,$C64,"") | Q64: =IF(data_주일!AF339=1,$C64,"") | R64: =IF(data_주일!AG339=1,$C64,"") | ... X64: =IF(data_주일!AM339=1,$C64,"")
C65: =IF(data_주일!C340="","",data_주일!C340) | D65: =IF(data_주일!D340="","",data_주일!D340) | F65: =IF(data_주일!B340="","",data_주일!B340) | G65: =IF(data_주일!V335=1,$C65,"") | H65: =IF(data_주일!W335=1,$C65,"") | I65: =IF(data_주일!X335=1,$C65,"") | J65: =IF(data_주일!Y335=1,$C65,"") | K65: =IF(data_주일!Z340=1,$C65,"") | L65: =IF(data_주일!AA340=1,$C65,"") | M65: =IF(data_주일!AB340=1,$C65,"") | N65: =IF(data_주일!AC340=1,$C65,"") | O65: =IF(data_주일!AD340=1,$C65,"") | P65: =IF(data_주일!AE340=1,$C65,"") | Q65: =IF(data_주일!AF340=1,$C65,"") | R65: =IF(data_주일!AG340=1,$C65,"") | ... X65: =IF(data_주일!AM340=1,$C65,"")
C66: =IF(data_주일!C341="","",data_주일!C341) | D66: =IF(data_주일!D341="","",data_주일!D341) | F66: =IF(data_주일!B341="","",data_주일!B341) | G66: =IF(data_주일!V336=1,$C66,"") | H66: =IF(data_주일!W336=1,$C66,"") | I66: =IF(data_주일!X336=1,$C66,"") | J66: =IF(data_주일!Y336=1,$C66,"") | K66: =IF(data_주일!Z341=1,$C66,"") | L66: =IF(data_주일!AA341=1,$C66,"") | M66: =IF(data_주일!AB341=1,$C66,"") | N66: =IF(data_주일!AC341=1,$C66,"") | O66: =IF(data_주일!AD341=1,$C66,"") | P66: =IF(data_주일!AE341=1,$C66,"") | Q66: =IF(data_주일!AF341=1,$C66,"") | R66: =IF(data_주일!AG341=1,$C66,"") | ... X66: =IF(data_주일!AM341=1,$C66,"")
C67: =IF(data_주일!C342="","",data_주일!C342) | D67: =IF(data_주일!D342="","",data_주일!D342) | F67: =IF(data_주일!B342="","",data_주일!B342) | G67: =IF(data_주일!V337=1,$C67,"") | H67: =IF(data_주일!W337=1,$C67,"") | I67: =IF(data_주일!X337=1,$C67,"") | J67: =IF(data_주일!Y337=1,$C67,"") | K67: =IF(data_주일!Z342=1,$C67,"") | L67: =IF(data_주일!AA342=1,$C67,"") | M67: =IF(data_주일!AB342=1,$C67,"") | N67: =IF(data_주일!AC342=1,$C67,"") | O67: =IF(data_주일!AD342=1,$C67,"") | P67: =IF(data_주일!AE342=1,$C67,"") | Q67: =IF(data_주일!AF342=1,$C67,"") | R67: =IF(data_주일!AG342=1,$C67,"") | ... X67: =IF(data_주일!AM342=1,$C67,"")
C68: 계 | G68: =COUNTA(G43:G58)-COUNTIF(G43:G58,"") -> 1 | H68: =COUNTA(H43:H58)-COUNTIF(H43:H58,"") -> 0 | I68: =COUNTA(I43:I58)-COUNTIF(I43:I58,"") -> 0 | J68: =COUNTA(J43:J58)-COUNTIF(J43:J58,"") -> 1 | K68: =COUNTA(K43:K67)-COUNTIF(K43:K67,"") -> 10 | L68: =COUNTA(L43:L67)-COUNTIF(L43:L67,"") -> 3 | M68: =COUNTA(M43:M67)-COUNTIF(M43:M67,"") -> 5 | N68: =COUNTA(N43:N67)-COUNTIF(N43:N67,"") -> 8 | O68: =COUNTA(O43:O67)-COUNTIF(O43:O67,"") -> 4 | P68: =COUNTA(P43:P67)-COUNTIF(P43:P67,"") -> 5 | Q68: =COUNTA(Q43:Q67)-COUNTIF(Q43:Q67,"") -> 5 | R68: =COUNTA(R43:R67)-COUNTIF(R43:R67,"") -> 3 | ... X68: =COUNTA(X43:X67)-COUNTIF(X43:X67,"") -> 5
C69: ※ 새참자: 주소록에 등록되지 않은 분으로 주일에 성경강연회(인터넷) 말씀 또는 주일 말씀을 듣기위해 방문하신 분

Sheet 26년6~8월
C13: 구분 | F13: 날짜 | G13: 46180 | H13: 46187 | I13: 46194 | J13: 46201 | K13: 46208 | L13: 46215 | M13: 46222 | N13: 3차하계 | O13: 46236 | P13: 46243 | Q13: 46250 | R13: 46257 | S13: 46264 | T13: 한달 평균
C14: 성인 | F14: 288 | G14: =IFERROR(SUM(G16:G25),"") -> 217 | H14: =IFERROR(SUM(H16:H25),"") -> 207 | I14: =IFERROR(SUM(I16:I25),"") -> 201 | J14: =IFERROR(SUM(J16:J25),"") -> 204 | K14: =IFERROR(SUM(K16:K25),"") -> 212 | L14: =IFERROR(SUM(L16:L25),"") -> 212 | M14: =IFERROR(SUM(M16:M25),"") -> 223 | N14: =IFERROR(SUM(N16:N25),"") -> 0 | ... S14: =IFERROR(SUM(S16:S25),"") -> 0 | T14: =SUM(G14:S14)/(COUNTA(G14:S14)-COUNTIF(G14:S14,0)) -> 209.36364
D15: 구역 | F15: 재적 | G15: =IFERROR(G14/$F$14,"") -> 0.75347222 | H15: =IFERROR(H14/$F$14,"") -> 0.71875 | I15: =IFERROR(I14/$F$14,"") -> 0.69791667 | J15: =IFERROR(J14/$F$14,"") -> 0.70833333 | K15: =IFERROR(K14/$F$14,"") -> 0.73611111 | L15: =IFERROR(L14/$F$14,"") -> 0.73611111 | M15: =IFERROR(M14/$F$14,"") -> 0.77430556 | N15: =IFERROR(N14/$F$14,"") -> 0 | ... S15: =IFERROR(S14/$F$14,"") -> 0 | T15: =AVERAGE(G15:P15) -> 0.65972222
D16: 11 | F16: 39 | G16: =IF(SUMIF(data_주일!$B11:$B303,$D16,data_주일!AE$11:AE$303)>0,SUMIF(data_주일!$B11:$B303,$D16,data_주일!AE$11:AE$303),"") -> 28 | H16: =IF(SUMIF(data_주일!$B11:$B303,$D16,data_주일!AF$11:AF$303)>0,SUMIF(data_주일!$B11:$B303,$D16,data_주일!AF$11:AF$303),"") -> 24 | I16: =IF(SUMIF(data_주일!$B11:$B303,$D16,data_주일!AG$11:AG$303)>0,SUMIF(data_주일!$B11:$B303,$D16,data_주일!AG$11:AG$303),"") -> 23 | J16: =IF(SUMIF(data_주일!$B11:$B303,$D16,data_주일!AH$11:AH$303)>0,SUMIF(data_주일!$B11:$B303,$D16,data_주일!AH$11:AH$303),"") -> 26 | K16: =IF(SUMIF(data_주일!$B11:$B303,$D16,data_주일!AI$11:AI$303)>0,SUMIF(data_주일!$B11:$B303,$D16,data_주일!AI$11:AI$303),"") -> 23 | L16: =IF(SUMIF(data_주일!$B11:$B303,$D16,data_주일!AJ$11:AJ$303)>0,SUMIF(data_주일!$B11:$B303,$D16,data_주일!AJ$11:AJ$303),"") -> 26 | M16: =IF(SUMIF(data_주일!$B11:$B303,$D16,data_주일!AK$11:AK$303)>0,SUMIF(data_주일!$B11:$B303,$D16,data_주일!AK$11:AK$303),"") -> 28 | N16: =IF(SUMIF(data_주일!$B11:$B303,$D16,data_주일!AL$11:AL$303)>0,SUMIF(data_주일!$B11:$B303,$D16,data_주일!AL$11:AL$303),"") | ... S16: =IF(SUMIF(data_주일!$B11:$B303,$D16,data_주일!AQ$11:AQ$303)>0,SUMIF(data_주일!$B11:$B303,$D16,data_주일!AQ$11:AQ$303),"") | T16: =SUM(G16:S16)/(COUNTA(G16:S16)-COUNTIF(G16:S16,"")) -> 25.181818
D17: 12 | F17: 27 | G17: =IF(SUMIF(data_주일!$B12:$B304,$D17,data_주일!AE$11:AE$303)>0,SUMIF(data_주일!$B12:$B304,$D17,data_주일!AE$11:AE$303),"") -> 26 | H17: =IF(SUMIF(data_주일!$B12:$B304,$D17,data_주일!AF$11:AF$303)>0,SUMIF(data_주일!$B12:$B304,$D17,data_주일!AF$11:AF$303),"") -> 28 | I17: =IF(SUMIF(data_주일!$B12:$B304,$D17,data_주일!AG$11:AG$303)>0,SUMIF(data_주일!$B12:$B304,$D17,data_주일!AG$11:AG$303),"") -> 25 | J17: =IF(SUMIF(data_주일!$B12:$B304,$D17,data_주일!AH$11:AH$303)>0,SUMIF(data_주일!$B12:$B304,$D17,data_주일!AH$11:AH$303),"") -> 26 | K17: =IF(SUMIF(data_주일!$B12:$B304,$D17,data_주일!AI$11:AI$303)>0,SUMIF(data_주일!$B12:$B304,$D17,data_주일!AI$11:AI$303),"") -> 26 | L17: =IF(SUMIF(data_주일!$B12:$B304,$D17,data_주일!AJ$11:AJ$303)>0,SUMIF(data_주일!$B12:$B304,$D17,data_주일!AJ$11:AJ$303),"") -> 27 | M17: =IF(SUMIF(data_주일!$B12:$B304,$D17,data_주일!AK$11:AK$303)>0,SUMIF(data_주일!$B12:$B304,$D17,data_주일!AK$11:AK$303),"") -> 27 | N17: =IF(SUMIF(data_주일!$B12:$B304,$D17,data_주일!AL$11:AL$303)>0,SUMIF(data_주일!$B12:$B304,$D17,data_주일!AL$11:AL$303),"") | ... S17: =IF(SUMIF(data_주일!$B12:$B304,$D17,data_주일!AQ$11:AQ$303)>0,SUMIF(data_주일!$B12:$B304,$D17,data_주일!AQ$11:AQ$303),"") | T17: =SUM(G17:S17)/(COUNTA(G17:S17)-COUNTIF(G17:S17,"")) -> 26.272727
D18: 21 | F18: 30 | G18: =IF(SUMIF(data_주일!$B13:$B305,$D18,data_주일!AE$11:AE$303)>0,SUMIF(data_주일!$B13:$B305,$D18,data_주일!AE$11:AE$303),"") -> 23 | H18: =IF(SUMIF(data_주일!$B13:$B305,$D18,data_주일!AF$11:AF$303)>0,SUMIF(data_주일!$B13:$B305,$D18,data_주일!AF$11:AF$303),"") -> 19 | I18: =IF(SUMIF(data_주일!$B13:$B305,$D18,data_주일!AG$11:AG$303)>0,SUMIF(data_주일!$B13:$B305,$D18,data_주일!AG$11:AG$303),"") -> 20 | J18: =IF(SUMIF(data_주일!$B13:$B305,$D18,data_주일!AH$11:AH$303)>0,SUMIF(data_주일!$B13:$B305,$D18,data_주일!AH$11:AH$303),"") -> 23 | K18: =IF(SUMIF(data_주일!$B13:$B305,$D18,data_주일!AI$11:AI$303)>0,SUMIF(data_주일!$B13:$B305,$D18,data_주일!AI$11:AI$303),"") -> 24 | L18: =IF(SUMIF(data_주일!$B13:$B305,$D18,data_주일!AJ$11:AJ$303)>0,SUMIF(data_주일!$B13:$B305,$D18,data_주일!AJ$11:AJ$303),"") -> 23 | M18: =IF(SUMIF(data_주일!$B13:$B305,$D18,data_주일!AK$11:AK$303)>0,SUMIF(data_주일!$B13:$B305,$D18,data_주일!AK$11:AK$303),"") -> 26 | N18: =IF(SUMIF(data_주일!$B13:$B305,$D18,data_주일!AL$11:AL$303)>0,SUMIF(data_주일!$B13:$B305,$D18,data_주일!AL$11:AL$303),"") | ... S18: =IF(SUMIF(data_주일!$B13:$B305,$D18,data_주일!AQ$11:AQ$303)>0,SUMIF(data_주일!$B13:$B305,$D18,data_주일!AQ$11:AQ$303),"") | T18: =SUM(G18:S18)/(COUNTA(G18:S18)-COUNTIF(G18:S18,"")) -> 22.818182
D19: 22 | F19: 23 | G19: =IF(SUMIF(data_주일!$B14:$B306,$D19,data_주일!AE$11:AE$303)>0,SUMIF(data_주일!$B14:$B306,$D19,data_주일!AE$11:AE$303),"") -> 15 | H19: =IF(SUMIF(data_주일!$B14:$B306,$D19,data_주일!AF$11:AF$303)>0,SUMIF(data_주일!$B14:$B306,$D19,data_주일!AF$11:AF$303),"") -> 14 | I19: =IF(SUMIF(data_주일!$B14:$B306,$D19,data_주일!AG$11:AG$303)>0,SUMIF(data_주일!$B14:$B306,$D19,data_주일!AG$11:AG$303),"") -> 16 | J19: =IF(SUMIF(data_주일!$B14:$B306,$D19,data_주일!AH$11:AH$303)>0,SUMIF(data_주일!$B14:$B306,$D19,data_주일!AH$11:AH$303),"") -> 16 | K19: =IF(SUMIF(data_주일!$B14:$B306,$D19,data_주일!AI$11:AI$303)>0,SUMIF(data_주일!$B14:$B306,$D19,data_주일!AI$11:AI$303),"") -> 16 | L19: =IF(SUMIF(data_주일!$B14:$B306,$D19,data_주일!AJ$11:AJ$303)>0,SUMIF(data_주일!$B14:$B306,$D19,data_주일!AJ$11:AJ$303),"") -> 19 | M19: =IF(SUMIF(data_주일!$B14:$B306,$D19,data_주일!AK$11:AK$303)>0,SUMIF(data_주일!$B14:$B306,$D19,data_주일!AK$11:AK$303),"") -> 16 | N19: =IF(SUMIF(data_주일!$B14:$B306,$D19,data_주일!AL$11:AL$303)>0,SUMIF(data_주일!$B14:$B306,$D19,data_주일!AL$11:AL$303),"") | ... S19: =IF(SUMIF(data_주일!$B14:$B306,$D19,data_주일!AQ$11:AQ$303)>0,SUMIF(data_주일!$B14:$B306,$D19,data_주일!AQ$11:AQ$303),"") | T19: =SUM(G19:S19)/(COUNTA(G19:S19)-COUNTIF(G19:S19,"")) -> 16.454545
D20: 31 | F20: 35 | G20: =IF(SUMIF(data_주일!$B15:$B307,$D20,data_주일!AE$11:AE$303)>0,SUMIF(data_주일!$B15:$B307,$D20,data_주일!AE$11:AE$303),"") -> 26 | H20: =IF(SUMIF(data_주일!$B15:$B307,$D20,data_주일!AF$11:AF$303)>0,SUMIF(data_주일!$B15:$B307,$D20,data_주일!AF$11:AF$303),"") -> 23 | I20: =IF(SUMIF(data_주일!$B15:$B307,$D20,data_주일!AG$11:AG$303)>0,SUMIF(data_주일!$B15:$B307,$D20,data_주일!AG$11:AG$303),"") -> 24 | J20: =IF(SUMIF(data_주일!$B15:$B307,$D20,data_주일!AH$11:AH$303)>0,SUMIF(data_주일!$B15:$B307,$D20,data_주일!AH$11:AH$303),"") -> 23 | K20: =IF(SUMIF(data_주일!$B15:$B307,$D20,data_주일!AI$11:AI$303)>0,SUMIF(data_주일!$B15:$B307,$D20,data_주일!AI$11:AI$303),"") -> 25 | L20: =IF(SUMIF(data_주일!$B15:$B307,$D20,data_주일!AJ$11:AJ$303)>0,SUMIF(data_주일!$B15:$B307,$D20,data_주일!AJ$11:AJ$303),"") -> 23 | M20: =IF(SUMIF(data_주일!$B15:$B307,$D20,data_주일!AK$11:AK$303)>0,SUMIF(data_주일!$B15:$B307,$D20,data_주일!AK$11:AK$303),"") -> 25 | N20: =IF(SUMIF(data_주일!$B15:$B307,$D20,data_주일!AL$11:AL$303)>0,SUMIF(data_주일!$B15:$B307,$D20,data_주일!AL$11:AL$303),"") | ... S20: =IF(SUMIF(data_주일!$B15:$B307,$D20,data_주일!AQ$11:AQ$303)>0,SUMIF(data_주일!$B15:$B307,$D20,data_주일!AQ$11:AQ$303),"") | T20: =SUM(G20:S20)/(COUNTA(G20:S20)-COUNTIF(G20:S20,"")) -> 24.363636
D21: 32 | F21: 28 | G21: =IF(SUMIF(data_주일!$B16:$B308,$D21,data_주일!AE$11:AE$303)>0,SUMIF(data_주일!$B16:$B308,$D21,data_주일!AE$11:AE$303),"") -> 25 | H21: =IF(SUMIF(data_주일!$B16:$B308,$D21,data_주일!AF$11:AF$303)>0,SUMIF(data_주일!$B16:$B308,$D21,data_주일!AF$11:AF$303),"") -> 21 | I21: =IF(SUMIF(data_주일!$B16:$B308,$D21,data_주일!AG$11:AG$303)>0,SUMIF(data_주일!$B16:$B308,$D21,data_주일!AG$11:AG$303),"") -> 23 | J21: =IF(SUMIF(data_주일!$B16:$B308,$D21,data_주일!AH$11:AH$303)>0,SUMIF(data_주일!$B16:$B308,$D21,data_주일!AH$11:AH$303),"") -> 23 | K21: =IF(SUMIF(data_주일!$B16:$B308,$D21,data_주일!AI$11:AI$303)>0,SUMIF(data_주일!$B16:$B308,$D21,data_주일!AI$11:AI$303),"") -> 22 | L21: =IF(SUMIF(data_주일!$B16:$B308,$D21,data_주일!AJ$11:AJ$303)>0,SUMIF(data_주일!$B16:$B308,$D21,data_주일!AJ$11:AJ$303),"") -> 24 | M21: =IF(SUMIF(data_주일!$B16:$B308,$D21,data_주일!AK$11:AK$303)>0,SUMIF(data_주일!$B16:$B308,$D21,data_주일!AK$11:AK$303),"") -> 25 | N21: =IF(SUMIF(data_주일!$B16:$B308,$D21,data_주일!AL$11:AL$303)>0,SUMIF(data_주일!$B16:$B308,$D21,data_주일!AL$11:AL$303),"") | ... S21: =IF(SUMIF(data_주일!$B16:$B308,$D21,data_주일!AQ$11:AQ$303)>0,SUMIF(data_주일!$B16:$B308,$D21,data_주일!AQ$11:AQ$303),"") | T21: =SUM(G21:S21)/(COUNTA(G21:S21)-COUNTIF(G21:S21,"")) -> 23.090909
D22: 33 | F22: 12 | G22: =IF(SUMIF(data_주일!$B17:$B309,$D22,data_주일!AE$11:AE$303)>0,SUMIF(data_주일!$B17:$B309,$D22,data_주일!AE$11:AE$303),"") -> 8 | H22: =IF(SUMIF(data_주일!$B17:$B309,$D22,data_주일!AF$11:AF$303)>0,SUMIF(data_주일!$B17:$B309,$D22,data_주일!AF$11:AF$303),"") -> 10 | I22: =IF(SUMIF(data_주일!$B17:$B309,$D22,data_주일!AG$11:AG$303)>0,SUMIF(data_주일!$B17:$B309,$D22,data_주일!AG$11:AG$303),"") -> 7 | J22: =IF(SUMIF(data_주일!$B17:$B309,$D22,data_주일!AH$11:AH$303)>0,SUMIF(data_주일!$B17:$B309,$D22,data_주일!AH$11:AH$303),"") -> 7 | K22: =IF(SUMIF(data_주일!$B17:$B309,$D22,data_주일!AI$11:AI$303)>0,SUMIF(data_주일!$B17:$B309,$D22,data_주일!AI$11:AI$303),"") -> 5 | L22: =IF(SUMIF(data_주일!$B17:$B309,$D22,data_주일!AJ$11:AJ$303)>0,SUMIF(data_주일!$B17:$B309,$D22,data_주일!AJ$11:AJ$303),"") -> 9 | M22: =IF(SUMIF(data_주일!$B17:$B309,$D22,data_주일!AK$11:AK$303)>0,SUMIF(data_주일!$B17:$B309,$D22,data_주일!AK$11:AK$303),"") -> 7 | N22: =IF(SUMIF(data_주일!$B17:$B309,$D22,data_주일!AL$11:AL$303)>0,SUMIF(data_주일!$B17:$B309,$D22,data_주일!AL$11:AL$303),"") | ... S22: =IF(SUMIF(data_주일!$B17:$B309,$D22,data_주일!AQ$11:AQ$303)>0,SUMIF(data_주일!$B17:$B309,$D22,data_주일!AQ$11:AQ$303),"") | T22: =SUM(G22:S22)/(COUNTA(G22:S22)-COUNTIF(G22:S22,"")) -> 7
D23: 41 | F23: 30 | G23: =IF(SUMIF(data_주일!$B18:$B310,$D23,data_주일!AE$11:AE$303)>0,SUMIF(data_주일!$B18:$B310,$D23,data_주일!AE$11:AE$303),"") -> 16 | H23: =IF(SUMIF(data_주일!$B18:$B310,$D23,data_주일!AF$11:AF$303)>0,SUMIF(data_주일!$B18:$B310,$D23,data_주일!AF$11:AF$303),"") -> 19 | I23: =IF(SUMIF(data_주일!$B18:$B310,$D23,data_주일!AG$11:AG$303)>0,SUMIF(data_주일!$B18:$B310,$D23,data_주일!AG$11:AG$303),"") -> 20 | J23: =IF(SUMIF(data_주일!$B18:$B310,$D23,data_주일!AH$11:AH$303)>0,SUMIF(data_주일!$B18:$B310,$D23,data_주일!AH$11:AH$303),"") -> 15 | K23: =IF(SUMIF(data_주일!$B18:$B310,$D23,data_주일!AI$11:AI$303)>0,SUMIF(data_주일!$B18:$B310,$D23,data_주일!AI$11:AI$303),"") -> 21 | L23: =IF(SUMIF(data_주일!$B18:$B310,$D23,data_주일!AJ$11:AJ$303)>0,SUMIF(data_주일!$B18:$B310,$D23,data_주일!AJ$11:AJ$303),"") -> 19 | M23: =IF(SUMIF(data_주일!$B18:$B310,$D23,data_주일!AK$11:AK$303)>0,SUMIF(data_주일!$B18:$B310,$D23,data_주일!AK$11:AK$303),"") -> 21 | N23: =IF(SUMIF(data_주일!$B18:$B310,$D23,data_주일!AL$11:AL$303)>0,SUMIF(data_주일!$B18:$B310,$D23,data_주일!AL$11:AL$303),"") | ... S23: =IF(SUMIF(data_주일!$B18:$B310,$D23,data_주일!AQ$11:AQ$303)>0,SUMIF(data_주일!$B18:$B310,$D23,data_주일!AQ$11:AQ$303),"") | T23: =SUM(G23:S23)/(COUNTA(G23:S23)-COUNTIF(G23:S23,"")) -> 18.363636
D24: 42 | F24: 29 | G24: =IF(SUMIF(data_주일!$B19:$B311,$D24,data_주일!AE$11:AE$303)>0,SUMIF(data_주일!$B19:$B311,$D24,data_주일!AE$11:AE$303),"") -> 22 | H24: =IF(SUMIF(data_주일!$B19:$B311,$D24,data_주일!AF$11:AF$303)>0,SUMIF(data_주일!$B19:$B311,$D24,data_주일!AF$11:AF$303),"") -> 22 | I24: =IF(SUMIF(data_주일!$B19:$B311,$D24,data_주일!AG$11:AG$303)>0,SUMIF(data_주일!$B19:$B311,$D24,data_주일!AG$11:AG$303),"") -> 21 | J24: =IF(SUMIF(data_주일!$B19:$B311,$D24,data_주일!AH$11:AH$303)>0,SUMIF(data_주일!$B19:$B311,$D24,data_주일!AH$11:AH$303),"") -> 19 | K24: =IF(SUMIF(data_주일!$B19:$B311,$D24,data_주일!AI$11:AI$303)>0,SUMIF(data_주일!$B19:$B311,$D24,data_주일!AI$11:AI$303),"") -> 23 | L24: =IF(SUMIF(data_주일!$B19:$B311,$D24,data_주일!AJ$11:AJ$303)>0,SUMIF(data_주일!$B19:$B311,$D24,data_주일!AJ$11:AJ$303),"") -> 20 | M24: =IF(SUMIF(data_주일!$B19:$B311,$D24,data_주일!AK$11:AK$303)>0,SUMIF(data_주일!$B19:$B311,$D24,data_주일!AK$11:AK$303),"") -> 22 | N24: =IF(SUMIF(data_주일!$B19:$B311,$D24,data_주일!AL$11:AL$303)>0,SUMIF(data_주일!$B19:$B311,$D24,data_주일!AL$11:AL$303),"") | ... S24: =IF(SUMIF(data_주일!$B19:$B311,$D24,data_주일!AQ$11:AQ$303)>0,SUMIF(data_주일!$B19:$B311,$D24,data_주일!AQ$11:AQ$303),"") | T24: =SUM(G24:S24)/(COUNTA(G24:S24)-COUNTIF(G24:S24,"")) -> 20.363636
D25: 43 | F25: 34 | G25: =IF(SUMIF(data_주일!$B20:$B312,$D25,data_주일!AE$11:AE$303)>0,SUMIF(data_주일!$B20:$B312,$D25,data_주일!AE$11:AE$303),"") -> 28 | H25: =IF(SUMIF(data_주일!$B20:$B312,$D25,data_주일!AF$11:AF$303)>0,SUMIF(data_주일!$B20:$B312,$D25,data_주일!AF$11:AF$303),"") -> 27 | I25: =IF(SUMIF(data_주일!$B20:$B312,$D25,data_주일!AG$11:AG$303)>0,SUMIF(data_주일!$B20:$B312,$D25,data_주일!AG$11:AG$303),"") -> 22 | J25: =IF(SUMIF(data_주일!$B20:$B312,$D25,data_주일!AH$11:AH$303)>0,SUMIF(data_주일!$B20:$B312,$D25,data_주일!AH$11:AH$303),"") -> 26 | K25: =IF(SUMIF(data_주일!$B20:$B312,$D25,data_주일!AI$11:AI$303)>0,SUMIF(data_주일!$B20:$B312,$D25,data_주일!AI$11:AI$303),"") -> 27 | L25: =IF(SUMIF(data_주일!$B20:$B312,$D25,data_주일!AJ$11:AJ$303)>0,SUMIF(data_주일!$B20:$B312,$D25,data_주일!AJ$11:AJ$303),"") -> 22 | M25: =IF(SUMIF(data_주일!$B20:$B312,$D25,data_주일!AK$11:AK$303)>0,SUMIF(data_주일!$B20:$B312,$D25,data_주일!AK$11:AK$303),"") -> 26 | N25: =IF(SUMIF(data_주일!$B20:$B312,$D25,data_주일!AL$11:AL$303)>0,SUMIF(data_주일!$B20:$B312,$D25,data_주일!AL$11:AL$303),"") | ... S25: =IF(SUMIF(data_주일!$B20:$B312,$D25,data_주일!AQ$11:AQ$303)>0,SUMIF(data_주일!$B20:$B312,$D25,data_주일!AQ$11:AQ$303),"") | T25: =SUM(G25:S25)/(COUNTA(G25:S25)-COUNTIF(G25:S25,"")) -> 25.454545
C26: 교회학교 | F26: 유초 | G26: 14 | H26: 10 | I26: 8 | J26: 14 | K26: 12 | L26: 13 | M26: 12 | O26: 7 | P26: 14 | Q26: 11 | R26: 10 | T26: =SUM(G26:S26)/(COUNTA(G26:S26)) -> 11.363636
F27: 중고 | G27: 19 | H27: 17 | I27: 18 | J27: 15 | K27: 18 | L27: 24 | M27: 20 | O27: 19 | P27: 22 | Q27: 22 | R27: 20 | T27: =SUM(G27:S27)/(COUNTA(G27:S27)) -> 19.454545
C28: 합계 | G28: =IF(SUM(G14,G26,G27)>0,SUM(G14,G26,G27),"") -> 250 | H28: =IF(SUM(H14,H26,H27)>0,SUM(H14,H26,H27),"") -> 234 | I28: =IF(SUM(I14,I26,I27)>0,SUM(I14,I26,I27),"") -> 227 | J28: =IF(SUM(J14,J26,J27)>0,SUM(J14,J26,J27),"") -> 233 | K28: =IF(SUM(K14,K26,K27)>0,SUM(K14,K26,K27),"") -> 242 | L28: =IF(SUM(L14,L26,L27)>0,SUM(L14,L26,L27),"") -> 249 | M28: =IF(SUM(M14,M26,M27)>0,SUM(M14,M26,M27),"") -> 255 | N28: 230 | O28: =IF(SUM(O14,O26,O27)>0,SUM(O14,O26,O27),"") -> 238 | P28: =IF(SUM(P14,P26,P27)>0,SUM(P14,P26,P27),"") -> 248 | Q28: =IF(SUM(Q14,Q26,Q27)>0,SUM(Q14,Q26,Q27),"") -> 228 | R28: =IF(SUM(R14,R26,R27)>0,SUM(R14,R26,R27),"") -> 238 | S28: =IF(SUM(S14,S26,S27)>0,SUM(S14,S26,S27),"") | T28: =SUM(G28:S28)/(COUNTA(G28:S28)-COUNTIF(G28:S28,"")) -> 239.33333
C29: ※ 유초등부, 중고등부는 별도 파악하여 입력
C42: 명단 | D42: 인도자 | F42: 구역 | G42: =G13 -> 46180 | H42: =H13 -> 46187 | I42: =I13 -> 46194 | J42: =J13 -> 46201 | K42: =K13 -> 46208 | L42: =L13 -> 46215 | M42: =M13 -> 46222 | N42: =N13 -> 3차하계 | ... S42: =S13 -> 46264
C43: =IF(data_주일!C309="","",data_주일!C309) -> 윤나영 | D43: =IF(data_주일!D309="","",data_주일!D309) -> 최경숙 | F43: =IF(data_주일!B309="","",data_주일!B309) -> 11 | G43: =IF(data_주일!AE309=1,$C43,"") | H43: =IF(data_주일!AF309=1,$C43,"") | I43: =IF(data_주일!AG309=1,$C43,"") | J43: =IF(data_주일!AH309=1,$C43,"") | K43: =IF(data_주일!AI309=1,$C43,"") | L43: =IF(data_주일!AJ309=1,$C43,"") | M43: =IF(data_주일!AK309=1,$C43,"") | N43: =IF(data_주일!AL309=1,$C43,"") | ... S43: =IF(data_주일!AQ309=1,$C43,"")
C44: =IF(data_주일!C310="","",data_주일!C310) -> 조미경 | D44: =IF(data_주일!D310="","",data_주일!D310) -> 서금자 | F44: =IF(data_주일!B310="","",data_주일!B310) -> 11 | G44: =IF(data_주일!AE310=1,$C44,"") | H44: =IF(data_주일!AF310=1,$C44,"") | I44: =IF(data_주일!AG310=1,$C44,"") | J44: =IF(data_주일!AH310=1,$C44,"") | K44: =IF(data_주일!AI310=1,$C44,"") | L44: =IF(data_주일!AJ310=1,$C44,"") | M44: =IF(data_주일!AK310=1,$C44,"") | N44: =IF(data_주일!AL310=1,$C44,"") | ... S44: =IF(data_주일!AQ310=1,$C44,"")
C45: =IF(data_주일!C311="","",data_주일!C311) -> 차경은 | D45: =IF(data_주일!D311="","",data_주일!D311) -> 이지영 | F45: =IF(data_주일!B311="","",data_주일!B311) -> 11 | G45: =IF(data_주일!AE311=1,$C45,"") | H45: =IF(data_주일!AF311=1,$C45,"") | I45: =IF(data_주일!AG311=1,$C45,"") | J45: =IF(data_주일!AH311=1,$C45,"") | K45: =IF(data_주일!AI311=1,$C45,"") | L45: =IF(data_주일!AJ311=1,$C45,"") | M45: =IF(data_주일!AK311=1,$C45,"") | N45: =IF(data_주일!AL311=1,$C45,"") | ... S45: =IF(data_주일!AQ311=1,$C45,"")
C46: =IF(data_주일!C312="","",data_주일!C312) -> 차미나 | D46: =IF(data_주일!D312="","",data_주일!D312) -> 이지영 | F46: =IF(data_주일!B312="","",data_주일!B312) -> 11 | G46: =IF(data_주일!AE312=1,$C46,"") | H46: =IF(data_주일!AF312=1,$C46,"") | I46: =IF(data_주일!AG312=1,$C46,"") | J46: =IF(data_주일!AH312=1,$C46,"") | K46: =IF(data_주일!AI312=1,$C46,"") | L46: =IF(data_주일!AJ312=1,$C46,"") | M46: =IF(data_주일!AK312=1,$C46,"") | N46: =IF(data_주일!AL312=1,$C46,"") | ... S46: =IF(data_주일!AQ312=1,$C46,"")
C47: =IF(data_주일!C313="","",data_주일!C313) -> 손기성 | D47: =IF(data_주일!D313="","",data_주일!D313) -> 손정미 | F47: =IF(data_주일!B313="","",data_주일!B313) -> 11 | G47: =IF(data_주일!AE313=1,$C47,"") | H47: =IF(data_주일!AF313=1,$C47,"") | I47: =IF(data_주일!AG313=1,$C47,"") | J47: =IF(data_주일!AH313=1,$C47,"") | K47: =IF(data_주일!AI313=1,$C47,"") | L47: =IF(data_주일!AJ313=1,$C47,"") | M47: =IF(data_주일!AK313=1,$C47,"") | N47: =IF(data_주일!AL313=1,$C47,"") | ... S47: =IF(data_주일!AQ313=1,$C47,"")
C48: =IF(data_주일!C314="","",data_주일!C314) -> 김선희 | D48: =IF(data_주일!D314="","",data_주일!D314) -> 최경숙 | F48: =IF(data_주일!B314="","",data_주일!B314) -> 11 | G48: =IF(data_주일!AE314=1,$C48,"") | H48: =IF(data_주일!AF314=1,$C48,"") | I48: =IF(data_주일!AG314=1,$C48,"") | J48: =IF(data_주일!AH314=1,$C48,"") | K48: =IF(data_주일!AI314=1,$C48,"") | L48: =IF(data_주일!AJ314=1,$C48,"") | M48: =IF(data_주일!AK314=1,$C48,"") | N48: =IF(data_주일!AL314=1,$C48,"") | ... S48: =IF(data_주일!AQ314=1,$C48,"")
C49: =IF(data_주일!C315="","",data_주일!C315) -> 송경애 | D49: =IF(data_주일!D315="","",data_주일!D315) -> 조수자 | F49: =IF(data_주일!B315="","",data_주일!B315) -> 12 | G49: =IF(data_주일!AE315=1,$C49,"") | H49: =IF(data_주일!AF315=1,$C49,"") | I49: =IF(data_주일!AG315=1,$C49,"") | J49: =IF(data_주일!AH315=1,$C49,"") | K49: =IF(data_주일!AI315=1,$C49,"") | L49: =IF(data_주일!AJ315=1,$C49,"") -> 송경애 | M49: =IF(data_주일!AK315=1,$C49,"") -> 송경애 | N49: =IF(data_주일!AL315=1,$C49,"") | ... S49: =IF(data_주일!AQ315=1,$C49,"")
C50: =IF(data_주일!C316="","",data_주일!C316) -> 송세영 | D50: =IF(data_주일!D316="","",data_주일!D316) -> 조수자 | F50: =IF(data_주일!B316="","",data_주일!B316) -> 12 | G50: =IF(data_주일!AE316=1,$C50,"") | H50: =IF(data_주일!AF316=1,$C50,"") | I50: =IF(data_주일!AG316=1,$C50,"") | J50: =IF(data_주일!AH316=1,$C50,"") | K50: =IF(data_주일!AI316=1,$C50,"") | L50: =IF(data_주일!AJ316=1,$C50,"") | M50: =IF(data_주일!AK316=1,$C50,"") | N50: =IF(data_주일!AL316=1,$C50,"") -> 송세영 | ... S50: =IF(data_주일!AQ316=1,$C50,"")
C51: =IF(data_주일!C317="","",data_주일!C317) -> 송기영 | D51: =IF(data_주일!D317="","",data_주일!D317) -> 양애란 | F51: =IF(data_주일!B317="","",data_주일!B317) -> 12 | G51: =IF(data_주일!AE317=1,$C51,"") | H51: =IF(data_주일!AF317=1,$C51,"") | I51: =IF(data_주일!AG317=1,$C51,"") | J51: =IF(data_주일!AH317=1,$C51,"") | K51: =IF(data_주일!AI317=1,$C51,"") | L51: =IF(data_주일!AJ317=1,$C51,"") | M51: =IF(data_주일!AK317=1,$C51,"") | N51: =IF(data_주일!AL317=1,$C51,"") -> 송기영 | ... S51: =IF(data_주일!AQ317=1,$C51,"")
C52: =IF(data_주일!C318="","",data_주일!C318) -> 신현금 | D52: =IF(data_주일!D318="","",data_주일!D318) -> 김재홍 | F52: =IF(data_주일!B318="","",data_주일!B318) -> 21 | G52: =IF(data_주일!AE318=1,$C52,"") | H52: =IF(data_주일!AF318=1,$C52,"") | I52: =IF(data_주일!AG318=1,$C52,"") | J52: =IF(data_주일!AH318=1,$C52,"") | K52: =IF(data_주일!AI318=1,$C52,"") | L52: =IF(data_주일!AJ318=1,$C52,"") | M52: =IF(data_주일!AK318=1,$C52,"") | N52: =IF(data_주일!AL318=1,$C52,"") | ... S52: =IF(data_주일!AQ318=1,$C52,"")
C53: =IF(data_주일!C319="","",data_주일!C319) -> 노정희 | D53: =IF(data_주일!D319="","",data_주일!D319) -> 박점숙 | F53: =IF(data_주일!B319="","",data_주일!B319) -> 21 | G53: =IF(data_주일!AE319=1,$C53,"") | H53: =IF(data_주일!AF319=1,$C53,"") | I53: =IF(data_주일!AG319=1,$C53,"") | J53: =IF(data_주일!AH319=1,$C53,"") -> 노정희 | K53: =IF(data_주일!AI319=1,$C53,"") -> 노정희 | L53: =IF(data_주일!AJ319=1,$C53,"") -> 노정희 | M53: =IF(data_주일!AK319=1,$C53,"") | N53: =IF(data_주일!AL319=1,$C53,"") -> 노정희 | ... S53: =IF(data_주일!AQ319=1,$C53,"")
C54: =IF(data_주일!C320="","",data_주일!C320) -> 박지혜 | D54: =IF(data_주일!D320="","",data_주일!D320) -> 배미숙 | F54: =IF(data_주일!B320="","",data_주일!B320) -> 22 | G54: =IF(data_주일!AE320=1,$C54,"") | H54: =IF(data_주일!AF320=1,$C54,"") | I54: =IF(data_주일!AG320=1,$C54,"") | J54: =IF(data_주일!AH320=1,$C54,"") | K54: =IF(data_주일!AI320=1,$C54,"") | L54: =IF(data_주일!AJ320=1,$C54,"") | M54: =IF(data_주일!AK320=1,$C54,"") | N54: =IF(data_주일!AL320=1,$C54,"") | ... S54: =IF(data_주일!AQ320=1,$C54,"")
... C73: =IF(data_주일!C339="","",data_주일!C339) -> 김광홍 | D73: =IF(data_주일!D339="","",data_주일!D339) -> 서영석 | F73: =IF(data_주일!B339="","",data_주일!B339) -> 43 | G73: =IF(data_주일!AE339=1,$C73,"") | H73: =IF(data_주일!AF339=1,$C73,"") | I73: =IF(data_주일!AG339=1,$C73,"") | J73: =IF(data_주일!AH339=1,$C73,"") | K73: =IF(data_주일!AI339=1,$C73,"") | L73: =IF(data_주일!AJ339=1,$C73,"") | M73: =IF(data_주일!AK339=1,$C73,"") | N73: =IF(data_주일!AL339=1,$C73,"") | ... S73: =IF(data_주일!AQ339=1,$C73,"")
C74: =IF(data_주일!C340="","",data_주일!C340) | D74: =IF(data_주일!D340="","",data_주일!D340) | G74: =IF(data_주일!AE340=1,$C74,"") | H74: =IF(data_주일!AF340=1,$C74,"") | I74: =IF(data_주일!AG340=1,$C74,"") | J74: =IF(data_주일!AH340=1,$C74,"") | K74: =IF(data_주일!AI340=1,$C74,"") | L74: =IF(data_주일!AJ340=1,$C74,"") | M74: =IF(data_주일!AK340=1,$C74,"") | N74: =IF(data_주일!AL340=1,$C74,"") | ... S74: =IF(data_주일!AQ340=1,$C74,"")
C75: =IF(data_주일!C341="","",data_주일!C341) | G75: =IF(data_주일!AE341=1,$C75,"") | H75: =IF(data_주일!AF341=1,$C75,"") | I75: =IF(data_주일!AG341=1,$C75,"") | J75: =IF(data_주일!AH341=1,$C75,"") | K75: =IF(data_주일!AI341=1,$C75,"") | L75: =IF(data_주일!AJ341=1,$C75,"") | M75: =IF(data_주일!AK341=1,$C75,"") | N75: =IF(data_주일!AL341=1,$C75,"") | ... S75: =IF(data_주일!AQ341=1,$C75,"")
C76: =IF(data_주일!C342="","",data_주일!C342) | D76: =IF(data_주일!D341="","",data_주일!D341) | F76: =IF(data_주일!B341="","",data_주일!B341) | G76: =IF(data_주일!AE342=1,$C76,"") | H76: =IF(data_주일!AF342=1,$C76,"") | I76: =IF(data_주일!AG342=1,$C76,"") | J76: =IF(data_주일!AH342=1,$C76,"") | K76: =IF(data_주일!AI342=1,$C76,"") | L76: =IF(data_주일!AJ342=1,$C76,"") | M76: =IF(data_주일!AK342=1,$C76,"") | N76: =IF(data_주일!AL342=1,$C76,"") | ... S76: =IF(data_주일!AQ342=1,$C76,"")
C77: =IF(data_주일!C342="","",data_주일!C342) | D77: =IF(data_주일!D342="","",data_주일!D342) | F77: =IF(data_주일!B342="","",data_주일!B342) | G77: =IF(data_주일!AE343=1,$C77,"") | H77: =IF(data_주일!AF343=1,$C77,"") | I77: =IF(data_주일!AG343=1,$C77,"") | J77: =IF(data_주일!AH343=1,$C77,"") | K77: =IF(data_주일!AI343=1,$C77,"") | L77: =IF(data_주일!AJ343=1,$C77,"") | M77: =IF(data_주일!AK343=1,$C77,"") | N77: =IF(data_주일!AL343=1,$C77,"") | ... S77: =IF(data_주일!AQ343=1,$C77,"")
C78: 계 | G78: =COUNTA(G43:G77)-COUNTIF(G43:G77,"") -> 5 | H78: =COUNTA(H43:H77)-COUNTIF(H43:H77,"") -> 5 | I78: =COUNTA(I43:I77)-COUNTIF(I43:I77,"") -> 3 | J78: =COUNTA(J43:J77)-COUNTIF(J43:J77,"") -> 6 | K78: =COUNTA(K43:K77)-COUNTIF(K43:K77,"") -> 5 | L78: =COUNTA(L43:L77)-COUNTIF(L43:L77,"") -> 8 | M78: =COUNTA(M43:M77)-COUNTIF(M43:M77,"") -> 7 | N78: =COUNTA(N43:N77)-COUNTIF(N43:N77,"") -> 9 | ... S78: =COUNTA(S43:S77)-COUNTIF(S43:S77,"") -> 0
C79: ※ 새참자: 주소록에 등록되지 않은 분으로 주일에 성경강연회(인터넷) 말씀 또는 주일 말씀을 듣기위해 방문하신 분

Sheet data_주일
E7: =DATEVALUE(E8) -> 45998 | F7: =DATEVALUE(F8) -> 46005 | G7: =DATEVALUE(G8) -> 46012 | H7: =DATEVALUE(H8) -> 46019 | I7: =DATEVALUE(I8) -> 46026 | J7: =DATEVALUE(J8) -> 46033 | K7: =DATEVALUE(K8) -> 46040 | L7: =DATEVALUE(L8) -> 46047 | ... BE7: =DATEVALUE(BE8) -> 46362
E8: =TEXT(E10,"YY/MM/DD") -> 25/12/07 | F8: =TEXT(F10,"YY/MM/DD") -> 25/12/14 | G8: =TEXT(G10,"YY/MM/DD") -> 25/12/21 | H8: =TEXT(H10,"YY/MM/DD") -> 25/12/28 | I8: =TEXT(I10,"YY/MM/DD") -> 26/01/04 | J8: =TEXT(J10,"YY/MM/DD") -> 26/01/11 | K8: =TEXT(K10,"YY/MM/DD") -> 26/01/18 | L8: =TEXT(L10,"YY/MM/DD") -> 26/01/25 | ... BE8: =TEXT(BE10,"YY/MM/DD") -> 26/12/06
A9: 출석 계 | E9: =COUNTA(E11:E296) -> 204 | F9: =COUNTA(F11:F303) -> 214 | G9: =COUNTA(G11:G296) -> 0 | H9: =COUNTA(H11:H296) -> 0 | I9: =COUNTA(I11:I296) -> 207 | J9: =COUNTA(J11:J296) -> 213 | K9: =COUNTA(K11:K303) -> 217 | L9: =COUNTA(L11:L303) -> 229 | M9: =COUNTA(M11:M303) -> 214 | N9: =COUNTA(N11:N303) -> 216 | O9: =COUNTA(O11:O303) -> 0 | P9: =COUNTA(P11:P303) -> 209 | Q9: =COUNTA(Q11:Q303) -> 218 | R9: =COUNTA(R11:R303) -> 211 | ... BE9: =COUNTA(BE11:BE303) -> 0
A10: 구분 | B10: 구역 | D10: 성명 | E10: 45998 | F10: 46005 | G10: 46012 | H10: 46019 | I10: 46026 | J10: 46033 | K10: 46040 | L10: 46047 | M10: 46054 | N10: 46061 | O10: 46068 | P10: 46075 | Q10: 46082 | R10: 46089 | S10: 46096 | T10: 46103 | U10: 46110 | V10: 46117 | W10: 46124 | X10: 46131 | Y10: 46138 | Z10: 46145 | AA10: 46152 | AB10: 46159 | AC10: 46166 | AD10: 46173 | AE10: 46180 | AF10: 46187 | AG10: 46194 | AH10: 46201 | AI10: 46208 | AJ10: 46215 | AK10: 46222 | AL10: 46229 | AM10: 46236 | AN10: 46243 | AO10: 46250 | AP10: 46257 | AQ10: 46264 | AR10: 46271 | AS10: 46278 | AT10: 46285 | AU10: 46292 | AV10: 46299 | AW10: 46306 | AX10: 46313 | AY10: 46320 | AZ10: 46327 | BA10: 46334 | BB10: 46341 | BC10: 46348 | BD10: 46355 | BE10: 46362
A11: 주소록 | B11: 11 | D11: 임준석 | E11: 1 | F11: 1 | I11: 1 | J11: 1 | K11: 1 | L11: 1 | M11: 1 | N11: 1 | P11: 1 | Q11: 1 | R11: 1 | S11: 1 | T11: 1 | U11: 1 | V11: 1 | W11: 1 | X11: 1 | Y11: 1 | Z11: 1 | AA11: 1 | AC11: 1 | AD11: 1 | AE11: 1 | AG11: 1 | AH11: 1 | AI11: 1 | AJ11: 1 | AK11: 1 | AM11: 1 | AN11: 1 | AO11: 1 | AP11: 1
A12: 주소록 | B12: 11 | D12: 장관익 | F12: 1 | I12: 1 | K12: 1 | L12: 1 | N12: 1 | P12: 1 | Q12: 1 | S12: 1 | T12: 1 | X12: 1 | Y12: 1 | Z12: 1 | AA12: 1 | AB12: 1 | AC12: 1 | AE12: 1 | AF12: 1 | AG12: 1 | AI12: 1 | AJ12: 1 | AM12: 1 | AO12: 1 | AP12: 1
A13: 주소록 | B13: 11 | D13: 김성권 | E13: 1 | F13: 1 | I13: 1 | J13: 1 | K13: 1 | L13: 1 | M13: 1 | N13: 1 | P13: 1 | Q13: 1 | R13: 1 | S13: 1 | T13: 1 | U13: 1 | V13: 1 | W13: 1 | X13: 1 | Y13: 1 | Z13: 1 | AA13: 1 | AB13: 1 | AC13: 1 | AD13: 1 | AE13: 1 | AF13: 1 | AH13: 1 | AI13: 1 | AJ13: 1 | AK13: 1 | AM13: 1 | AN13: 1 | AO13: 1 | AP13: 1
A14: 주소록 | B14: 11 | D14: 김성엽
A15: 주소록 | B15: 11 | D15: 변교현 | F15: 1 | I15: 1 | J15: 1 | K15: 1 | M15: 1
A16: 주소록 | B16: 11 | D16: 서일환 | E16: 1 | I16: 1 | J16: 1 | K16: 1 | L16: 1 | M16: 1 | N16: 1 | Q16: 1 | R16: 1 | S16: 1 | T16: 1 | U16: 1 | V16: 1 | W16: 1 | X16: 1 | Y16: 1 | Z16: 1 | AA16: 1 | AC16: 1 | AD16: 1 | AF16: 1 | AG16: 1 | AH16: 1 | AI16: 1 | AK16: 1 | AM16: 1 | AN16: 1 | AO16: 1 | AP16: 1
A17: 주소록 | B17: 11 | D17: 양현직 | E17: 1 | F17: 1 | I17: 1 | J17: 1 | K17: 1 | L17: 1 | M17: 1 | N17: 1 | P17: 1 | S17: 1 | U17: 1 | V17: 1 | X17: 1 | Y17: 1
A18: 주소록 | B18: 11 | D18: 임용열 | E18: 1 | F18: 1 | I18: 1 | J18: 1 | K18: 1 | L18: 1 | M18: 1 | N18: 1 | P18: 1 | Q18: 1 | R18: 1 | S18: 1 | T18: 1 | U18: 1 | V18: 1 | X18: 1 | Y18: 1 | Z18: 1 | AA18: 1 | AB18: 1 | AC18: 1 | AD18: 1 | AE18: 1 | AF18: 1 | AG18: 1 | AI18: 1 | AJ18: 1 | AK18: 1 | AM18: 1 | AN18: 1 | AO18: 1 | AP18: 1
A19: 주소록 | B19: 11 | D19: 전진복 | F19: 1 | J19: 1 | K19: 1 | L19: 1 | N19: 1 | P19: 1 | Q19: 1 | R19: 1 | S19: 1 | T19: 1 | V19: 1 | X19: 1 | Y19: 1 | Z19: 1 | AB19: 1 | AC19: 1 | AE19: 1 | AF19: 1 | AG19: 1 | AH19: 1 | AJ19: 1 | AK19: 1 | AM19: 1 | AP19: 1
A20: 주소록 | B20: 11 | D20: 조경식 | E20: 1 | F20: 1 | I20: 1 | J20: 1 | K20: 1 | L20: 1 | M20: 1 | P20: 1 | R20: 1 | S20: 1 | T20: 1 | U20: 1 | V20: 1 | X20: 1 | Z20: 1 | AA20: 1 | AC20: 1 | AD20: 1 | AE20: 1 | AF20: 1 | AG20: 1 | AH20: 1 | AI20: 1 | AJ20: 1 | AK20: 1 | AM20: 1 | AN20: 1 | AO20: 1 | AP20: 1
A21: 주소록 | B21: 11 | D21: 이지영 | E21: 1 | F21: 1 | I21: 1 | J21: 1 | K21: 1 | L21: 1 | M21: 1 | N21: 1 | Q21: 1 | R21: 1 | S21: 1 | T21: 1 | U21: 1 | V21: 1 | W21: 1 | X21: 1 | Y21: 1 | Z21: 1 | AA21: 1 | AB21: 1 | AC21: 1 | AD21: 1 | AE21: 1 | AF21: 1 | AG21: 1 | AH21: 1 | AI21: 1 | AJ21: 1 | AK21: 1 | AM21: 1 | AN21: 1 | AO21: 1 | AP21: 1
A22: 주소록 | B22: 11 | D22: 김동순 | E22: 1 | F22: 1 | I22: 1 | K22: 1 | L22: 1 | M22: 1 | N22: 1 | P22: 1 | Q22: 1 | R22: 1 | S22: 1 | T22: 1 | U22: 1 | V22: 1 | W22: 1 | X22: 1 | Y22: 1 | Z22: 1 | AA22: 1 | AB22: 1 | AC22: 1 | AD22: 1 | AE22: 1 | AF22: 1 | AG22: 1 | AH22: 1 | AI22: 1 | AJ22: 1 | AK22: 1 | AM22: 1 | AN22: 1 | AO22: 1 | AP22: 1
A23: 주소록 | B23: 11 | D23: 김민경 | E23: 1 | F23: 1 | I23: 1 | K23: 1 | L23: 1 | M23: 1 | N23: 1 | Q23: 1 | R23: 1 | S23: 1 | W23: 1 | X23: 1 | Y23: 1 | Z23: 1 | AA23: 1 | AB23: 1 | AC23: 1 | AD23: 1 | AE23: 1 | AF23: 1 | AG23: 1 | AK23: 1 | AM23: 1 | AP23: 1
A24: 주소록 | B24: 11 | D24: 노증미 | E24: 1 | F24: 1 | L24: 1 | N24: 1 | P24: 1 | Q24: 1 | R24: 1 | S24: 1 | T24: 1 | U24: 1 | V24: 1 | W24: 1 | Z24: 1 | AC24: 1 | AD24: 1 | AE24: 1 | AF24: 1 | AH24: 1 | AK24: 1 | AP24: 1
A25: 주소록 | B25: 11 | D25: 박경자 | F25: 1 | K25: 1 | L25: 1 | R25: 1 | S25: 1 | U25: 1 | V25: 1 | X25: 1 | AA25: 1 | AB25: 1 | AC25: 1 | AD25: 1 | AG25: 1 | AJ25: 1 | AK25: 1 | AM25: 1 | AN25: 1
A26: 주소록 | B26: 11 | D26: 박민경 | K26: 1 | M26: 1 | N26: 1 | P26: 1 | Q26: 1 | R26: 1 | S26: 1 | T26: 1 | U26: 1 | V26: 1 | X26: 1 | Y26: 1 | Z26: 1 | AA26: 1 | AB26: 1 | AC26: 1 | AD26: 1 | AE26: 1 | AF26: 1 | AG26: 1 | AH26: 1 | AI26: 1 | AJ26: 1 | AK26: 1 | AM26: 1 | AO26: 1 | AP26: 1
A27: 주소록 | B27: 11 | D27: 서학미
A28: 주소록 | B28: 11 | D28: 손정미 | E28: 1 | F28: 1 | I28: 1 | J28: 1 | K28: 1 | L28: 1 | M28: 1 | P28: 1 | Q28: 1 | S28: 1 | T28: 1 | U28: 1 | V28: 1 | X28: 1 | AA28: 1 | AB28: 1 | AE28: 1 | AF28: 1 | AH28: 1 | AI28: 1 | AJ28: 1 | AM28: 1 | AN28: 1 | AO28: 1 | AP28: 1
A29: 주소록 | B29: 11 | D29: 유애지
A30: 주소록 | B30: 11 | D30: 장수영 | E30: 1 | F30: 1 | I30: 1 | J30: 1 | K30: 1 | L30: 1 | M30: 1 | N30: 1 | P30: 1 | Q30: 1 | S30: 1 | T30: 1 | U30: 1 | V30: 1 | W30: 1 | X30: 1 | Y30: 1 | Z30: 1 | AA30: 1 | AB30: 1 | AC30: 1 | AD30: 1 | AE30: 1 | AG30: 1 | AH30: 1 | AI30: 1 | AJ30: 1 | AK30: 1 | AM30: 1 | AN30: 1 | AP30: 1
A31: 주소록 | B31: 11 | D31: 최경숙 | E31: 1 | F31: 1 | I31: 1 | J31: 1 | K31: 1 | L31: 1 | M31: 1 | N31: 1 | P31: 1 | X31: 1 | Y31: 1 | AA31: 1 | AB31: 1 | AC31: 1 | AD31: 1 | AE31: 1 | AF31: 1 | AG31: 1 | AH31: 1 | AI31: 1 | AJ31: 1 | AK31: 1 | AM31: 1 | AN31: 1 | AP31: 1
A32: 주소록 | B32: 11 | D32: 최정희 | E32: 1 | F32: 1 | I32: 1 | J32: 1 | K32: 1 | L32: 1 | M32: 1 | N32: 1 | P32: 1 | Q32: 1 | R32: 1 | S32: 1 | T32: 1 | U32: 1 | V32: 1 | W32: 1 | X32: 1 | Y32: 1 | Z32: 1 | AA32: 1 | AB32: 1 | AC32: 1 | AD32: 1 | AE32: 1 | AF32: 1 | AG32: 1 | AH32: 1 | AI32: 1 | AJ32: 1 | AK32: 1 | AM32: 1 | AN32: 1 | AO32: 1 | AP32: 1
A33: 주소록 | B33: 11 | D33: 홍성범 | E33: 1 | F33: 1 | I33: 1 | J33: 1 | K33: 1 | L33: 1 | M33: 1 | N33: 1 | P33: 1 | Q33: 1 | R33: 1 | S33: 1 | T33: 1 | V33: 1 | W33: 1 | X33: 1 | Y33: 1 | Z33: 1 | AA33: 1 | AC33: 1 | AD33: 1 | AE33: 1 | AG33: 1 | AH33: 1 | AI33: 1 | AJ33: 1 | AK33: 1 | AM33: 1 | AN33: 1 | AP33: 1
A34: 주소록 | B34: 11 | D34: 서금자 | E34: 1 | I34: 1 | J34: 1 | K34: 1 | L34: 1 | M34: 1 | N34: 1 | P34: 1 | Q34: 1 | R34: 1 | S34: 1 | T34: 1 | U34: 1 | V34: 1 | W34: 1 | X34: 1 | Y34: 1 | Z34: 1 | AA34: 1 | AB34: 1 | AC34: 1 | AD34: 1 | AE34: 1 | AF34: 1 | AG34: 1 | AH34: 1 | AI34: 1 | AJ34: 1 | AK34: 1 | AM34: 1 | AN34: 1 | AO34: 1 | AP34: 1
A35: 주소록 | B35: 11 | D35: 송근식 | E35: 1 | I35: 1 | K35: 1 | L35: 1 | M35: 1 | N35: 1 | P35: 1 | Q35: 1 | R35: 1 | S35: 1 | T35: 1 | U35: 1 | V35: 1 | W35: 1 | X35: 1 | Y35: 1 | Z35: 1 | AA35: 1 | AB35: 1 | AC35: 1 | AD35: 1 | AE35: 1 | AF35: 1 | AG35: 1 | AH35: 1 | AI35: 1 | AJ35: 1 | AK35: 1 | AM35: 1 | AN35: 1 | AO35: 1 | AP35: 1
A36: 주소록 | B36: 11 | D36: 이종률
A37: 주소록 | B37: 11 | D37: 정동범 | AH37: 1 | AK37: 1 | AM37: 1 | AP37: 1
A38: 주소록 | B38: 11 | D38: 진봉덕 | F38: 1 | I38: 1 | J38: 1 | P38: 1 | Y38: 1
A39: 주소록 | B39: 11 | D39: 김지민 | F39: 1 | J39: 1 | K39: 1 | L39: 1 | M39: 1 | N39: 1 | P39: 1 | Q39: 1 | R39: 1 | S39: 1 | T39: 1 | U39: 1 | V39: 1 | X39: 1 | AA39: 1 | AE39: 1 | AF39: 1 | AH39: 1 | AJ39: 1 | AK39: 1 | AM39: 1 | AN39: 1 | AO39: 1
A40: 주소록 | B40: 11 | D40: 김연지 | E40: 1 | F40: 1 | I40: 1 | J40: 1 | L40: 1 | M40: 1 | N40: 1 | P40: 1 | Q40: 1 | T40: 1 | U40: 1 | V40: 1 | X40: 1 | AA40: 1 | AB40: 1 | AD40: 1 | AE40: 1 | AF40: 1 | AH40: 1 | AJ40: 1
A41: 주소록 | B41: 11 | D41: 서다혜 | E41: 1 | F41: 1 | I41: 1 | J41: 1 | K41: 1 | L41: 1 | M41: 1 | N41: 1 | Q41: 1 | R41: 1 | S41: 1 | T41: 1 | U41: 1 | V41: 1 | W41: 1 | X41: 1 | Y41: 1 | Z41: 1 | AA41: 1 | AB41: 1 | AC41: 1 | AD41: 1 | AE41: 1 | AF41: 1 | AG41: 1 | AH41: 1 | AI41: 1 | AJ41: 1 | AK41: 1 | AM41: 1 | AN41: 1 | AO41: 1 | AP41: 1
A42: 주소록 | B42: 11 | D42: 서아름 | E42: 1 | F42: 1 | I42: 1 | J42: 1 | K42: 1 | L42: 1 | M42: 1 | N42: 1 | P42: 1 | Q42: 1 | R42: 1 | S42: 1 | U42: 1 | V42: 1 | W42: 1 | X42: 1 | Y42: 1 | Z42: 1 | AB42: 1 | AC42: 1 | AE42: 1 | AF42: 1 | AG42: 1 | AH42: 1 | AI42: 1 | AJ42: 1 | AK42: 1 | AN42: 1 | AO42: 1 | AP42: 1
A43: 주소록 | B43: 11 | D43: 서우진 | Z43: 1 | AA43: 1 | AB43: 1 | AC43: 1 | AF43: 1 | AG43: 1 | AH43: 1 | AI43: 1 | AJ43: 1 | AK43: 1 | AM43: 1 | AN43: 1 | AO43: 1 | AP43: 1
A44: 주소록 | B44: 11 | D44: 양해광 | E44: 1 | F44: 1 | Y44: 1
A45: 주소록 | B45: 11 | D45: 이나은 | E45: 1 | F45: 1 | J45: 1 | L45: 1 | M45: 1 | N45: 1 | P45: 1 | Q45: 1 | R45: 1 | S45: 1 | T45: 1 | U45: 1 | V45: 1 | X45: 1 | Y45: 1 | Z45: 1 | AA45: 1 | AB45: 1 | AC45: 1 | AD45: 1 | AE45: 1 | AF45: 1 | AG45: 1 | AH45: 1 | AI45: 1 | AJ45: 1 | AK45: 1 | AM45: 1 | AN45: 1 | AO45: 1 | AP45: 1
A46: 주소록 | B46: 11 | D46: 장준우 | J46: 1 | K46: 1 | L46: 1 | T46: 1 | V46: 1 | AA46: 1 | AC46: 1 | AD46: 1 | AE46: 1 | AK46: 1 | AN46: 1 | AP46: 1
A47: 주소록 | B47: 11 | D47: 조은빈 | E47: 1 | F47: 1 | I47: 1 | J47: 1 | K47: 1 | L47: 1 | M47: 1 | N47: 1 | P47: 1 | Q47: 1 | R47: 1 | S47: 1 | T47: 1 | U47: 1 | V47: 1 | W47: 1 | X47: 1 | Y47: 1 | Z47: 1 | AA47: 1 | AB47: 1 | AC47: 1 | AD47: 1 | AE47: 1 | AF47: 1 | AG47: 1 | AH47: 1 | AI47: 1 | AJ47: 1 | AK47: 1 | AM47: 1 | AN47: 1 | AO47: 1 | AP47: 1
A48: 주소록 | B48: 11 | D48: 임지연 | E48: 1 | F48: 1 | I48: 1 | J48: 1 | K48: 1 | L48: 1 | M48: 1 | N48: 1 | P48: 1 | Q48: 1 | R48: 1 | S48: 1 | T48: 1 | U48: 1 | V48: 1 | X48: 1 | Y48: 1 | AA48: 1 | AD48: 1 | AE48: 1 | AH48: 1 | AJ48: 1 | AK48: 1 | AM48: 1 | AN48: 1 | AP48: 1
A49: 주소록 | B49: 11 | D49: 양해윤 | E49: 1 | F49: 1 | L49: 1 | M49: 1 | N49: 1 | P49: 1 | Q49: 1 | S49: 1 | T49: 1 | V49: 1 | X49: 1 | Y49: 1 | Z49: 1 | AA49: 1 | AC49: 1 | AD49: 1 | AE49: 1 | AH49: 1 | AI49: 1 | AJ49: 1 | AK49: 1 | AM49: 1 | AN49: 1 | AO49: 1 | AP49: 1
A50: 주소록 | B50: 11 | D50: 임한결 | P50: 1 | Q50: 1 | R50: 1 | S50: 1 | T50: 1 | U50: 1 | V50: 1 | W50: 1 | X50: 1 | Y50: 1 | Z50: 1 | AA50: 1 | AB50: 1 | AC50: 1 | AD50: 1 | AE50: 1 | AF50: 1 | AG50: 1 | AI50: 1
A51: 주소록 | B51: 12 | D51: 조재근 | E51: 1 | F51: 1 | I51: 1 | J51: 1 | K51: 1 | L51: 1 | M51: 1 | N51: 1 | P51: 1 | Q51: 1 | R51: 1 | S51: 1 | T51: 1 | U51: 1 | V51: 1 | W51: 1 | Y51: 1 | Z51: 1 | AA51: 1 | AB51: 1 | AC51: 1 | AD51: 1 | AE51: 1 | AF51: 1 | AG51: 1 | AH51: 1 | AI51: 1 | AJ51: 1 | AK51: 1 | AM51: 1 | AN51: 1 | AO51: 1 | AP51: 1
A52: 주소록 | B52: 12 | D52: 김선우 | E52: 1 | F52: 1 | I52: 1 | J52: 1 | K52: 1 | L52: 1 | M52: 1 | N52: 1 | Q52: 1 | R52: 1 | S52: 1 | T52: 1 | U52: 1 | V52: 1 | W52: 1 | Y52: 1 | Z52: 1 | AA52: 1 | AB52: 1 | AC52: 1 | AD52: 1 | AE52: 1 | AF52: 1 | AH52: 1 | AI52: 1 | AJ52: 1 | AK52: 1 | AM52: 1 | AN52: 1 | AO52: 1 | AP52: 1
A53: 주소록 | B53: 12 | D53: 김형신 | I53: 1 | J53: 1 | K53: 1 | L53: 1 | M53: 1 | N53: 1 | P53: 1 | Q53: 1 | R53: 1 | S53: 1 | T53: 1 | U53: 1 | X53: 1 | Y53: 1 | Z53: 1 | AA53: 1 | AB53: 1 | AC53: 1 | AD53: 1 | AE53: 1 | AF53: 1 | AG53: 1 | AH53: 1 | AI53: 1 | AJ53: 1 | AK53: 1 | AM53: 1 | AN53: 1 | AO53: 1 | AP53: 1
A54: 주소록 | B54: 12 | D54: 서동진 | E54: 1 | I54: 1 | J54: 1 | K54: 1 | L54: 1 | M54: 1 | N54: 1 | P54: 1 | Q54: 1 | R54: 1 | S54: 1 | T54: 1 | U54: 1 | V54: 1 | W54: 1 | X54: 1 | Y54: 1 | Z54: 1 | AB54: 1 | AC54: 1 | AD54: 1 | AE54: 1 | AF54: 1 | AG54: 1 | AH54: 1 | AI54: 1 | AJ54: 1 | AK54: 1 | AM54: 1 | AN54: 1 | AO54: 1 | AP54: 1
A55: 주소록 | B55: 12 | D55: 이병래 | E55: 1 | F55: 1 | I55: 1 | J55: 1 | L55: 1 | M55: 1 | N55: 1 | Q55: 1 | S55: 1 | T55: 1 | U55: 1 | V55: 1 | W55: 1 | X55: 1 | Z55: 1 | AA55: 1 | AB55: 1 | AC55: 1 | AD55: 1 | AE55: 1 | AF55: 1 | AG55: 1 | AH55: 1 | AI55: 1 | AJ55: 1 | AK55: 1 | AM55: 1 | AN55: 1 | AO55: 1 | AP55: 1
A56: 주소록 | B56: 12 | D56: 정민구 | E56: 1 | F56: 1 | I56: 1 | J56: 1 | K56: 1 | L56: 1 | M56: 1 | N56: 1 | P56: 1 | Q56: 1 | R56: 1 | S56: 1 | T56: 1 | U56: 1 | V56: 1 | W56: 1 | X56: 1 | Y56: 1 | Z56: 1 | AA56: 1 | AB56: 1 | AC56: 1 | AE56: 1 | AF56: 1 | AG56: 1 | AH56: 1 | AI56: 1 | AJ56: 1 | AK56: 1 | AM56: 1 | AN56: 1 | AO56: 1 | AP56: 1
A57: 주소록 | B57: 12 | D57: 구민숙 | E57: 1 | F57: 1 | I57: 1 | J57: 1 | K57: 1 | L57: 1 | M57: 1 | N57: 1 | P57: 1 | Q57: 1 | R57: 1 | S57: 1 | T57: 1 | U57: 1 | V57: 1 | W57: 1 | X57: 1 | Y57: 1 | Z57: 1 | AA57: 1 | AB57: 1 | AC57: 1 | AD57: 1 | AE57: 1 | AF57: 1 | AG57: 1 | AH57: 1 | AI57: 1 | AJ57: 1 | AK57: 1 | AM57: 1 | AN57: 1 | AO57: 1 | AP57: 1
A58: 주소록 | B58: 12 | D58: 김경아 | E58: 1 | F58: 1 | I58: 1 | J58: 1 | K58: 1 | L58: 1 | M58: 1 | N58: 1 | P58: 1 | Q58: 1 | R58: 1 | S58: 1 | T58: 1 | U58: 1 | V58: 1 | W58: 1 | X58: 1 | Y58: 1 | Z58: 1 | AA58: 1 | AB58: 1 | AC58: 1 | AD58: 1 | AE58: 1 | AF58: 1 | AG58: 1 | AH58: 1 | AI58: 1 | AJ58: 1 | AK58: 1 | AM58: 1 | AN58: 1 | AO58: 1 | AP58: 1
A59: 주소록 | B59: 12 | D59: 김옥례 | E59: 1 | F59: 1 | I59: 1 | J59: 1 | K59: 1 | L59: 1 | M59: 1 | N59: 1 | P59: 1 | Q59: 1 | R59: 1 | S59: 1 | T59: 1 | U59: 1 | V59: 1 | W59: 1 | X59: 1 | Y59: 1 | Z59: 1 | AA59: 1 | AB59: 1 | AC59: 1 | AE59: 1 | AF59: 1 | AG59: 1 | AH59: 1 | AI59: 1 | AJ59: 1 | AK59: 1 | AM59: 1 | AN59: 1 | AO59: 1 | AP59: 1
A60: 주소록 | B60: 12 | D60: 류순주 | E60: 1 | F60: 1 | I60: 1 | J60: 1 | K60: 1 | L60: 1 | M60: 1 | N60: 1 | P60: 1 | Q60: 1 | R60: 1 | S60: 1 | T60: 1 | U60: 1 | V60: 1 | Y60: 1 | Z60: 1 | AA60: 1 | AC60: 1 | AF60: 1 | AG60: 1 | AH60: 1 | AI60: 1 | AJ60: 1 | AK60: 1 | AN60: 1 | AO60: 1 | AP60: 1
A61: 주소록 | B61: 12 | D61: 손미숙 | E61: 1 | F61: 1 | I61: 1 | J61: 1 | L61: 1 | M61: 1 | N61: 1 | P61: 1 | Q61: 1 | R61: 1 | S61: 1 | T61: 1 | U61: 1 | V61: 1 | W61: 1 | X61: 1 | Y61: 1 | Z61: 1 | AA61: 1 | AB61: 1 | AC61: 1 | AD61: 1 | AE61: 1 | AF61: 1 | AG61: 1 | AH61: 1 | AI61: 1 | AJ61: 1 | AK61: 1 | AM61: 1 | AN61: 1 | AO61: 1 | AP61: 1
A62: 주소록 | B62: 12 | D62: 양애란 | F62: 1 | I62: 1 | J62: 1 | K62: 1 | L62: 1 | M62: 1 | P62: 1 | Q62: 1 | R62: 1 | S62: 1 | T62: 1 | U62: 1 | V62: 1 | W62: 1 | X62: 1 | Y62: 1 | Z62: 1 | AB62: 1 | AD62: 1 | AE62: 1 | AF62: 1 | AH62: 1 | AJ62: 1 | AK62: 1 | AM62: 1 | AN62: 1 | AP62: 1
A63: 주소록 | B63: 12 | D63: 이영희
A64: 주소록 | B64: 12 | D64: 이옥임 | E64: 1 | I64: 1 | J64: 1 | K64: 1 | L64: 1 | M64: 1 | N64: 1 | P64: 1 | R64: 1 | S64: 1 | T64: 1 | U64: 1 | Y64: 1 | AC64: 1 | AF64: 1 | AG64: 1 | AH64: 1 | AI64: 1 | AJ64: 1 | AK64: 1 | AN64: 1 | AO64: 1 | AP64: 1
A65: 주소록 | B65: 12 | D65: 조수자 | E65: 1 | F65: 1 | I65: 1 | J65: 1 | K65: 1 | L65: 1 | M65: 1 | N65: 1 | P65: 1 | Q65: 1 | S65: 1 | U65: 1 | V65: 1 | W65: 1 | X65: 1 | Y65: 1 | Z65: 1 | AA65: 1 | AB65: 1 | AC65: 1 | AE65: 1 | AF65: 1 | AG65: 1 | AH65: 1 | AJ65: 1 | AK65: 1 | AM65: 1 | AN65: 1 | AO65: 1 | AP65: 1
A66: 주소록 | B66: 12 | D66: 한상미 | E66: 1 | F66: 1 | I66: 1 | J66: 1 | K66: 1 | L66: 1 | M66: 1 | N66: 1 | P66: 1 | Q66: 1 | S66: 1 | T66: 1 | U66: 1 | V66: 1 | W66: 1 | X66: 1 | Y66: 1 | Z66: 1 | AA66: 1 | AB66: 1 | AC66: 1 | AD66: 1 | AE66: 1 | AF66: 1 | AH66: 1 | AI66: 1 | AJ66: 1 | AK66: 1 | AM66: 1 | AN66: 1 | AO66: 1 | AP66: 1
A67: 주소록 | B67: 12 | D67: 한윤숙 | E67: 1 | F67: 1 | I67: 1 | J67: 1 | K67: 1 | L67: 1 | M67: 1 | N67: 1 | P67: 1 | Q67: 1 | R67: 1 | S67: 1 | T67: 1 | U67: 1 | V67: 1 | W67: 1 | X67: 1 | Y67: 1 | Z67: 1 | AA67: 1 | AB67: 1 | AC67: 1 | AD67: 1 | AE67: 1 | AF67: 1 | AG67: 1 | AH67: 1 | AI67: 1 | AJ67: 1 | AK67: 1 | AM67: 1 | AN67: 1 | AO67: 1 | AP67: 1
A68: 주소록 | B68: 12 | D68: 노무연 | E68: 1 | F68: 1 | I68: 1 | J68: 1 | K68: 1 | L68: 1 | M68: 1 | N68: 1 | P68: 1 | Q68: 1 | R68: 1 | S68: 1 | T68: 1 | U68: 1 | V68: 1 | W68: 1 | X68: 1 | Y68: 1 | Z68: 1 | AA68: 1 | AB68: 1 | AC68: 1 | AD68: 1 | AE68: 1 | AF68: 1 | AG68: 1 | AH68: 1 | AI68: 1 | AJ68: 1 | AK68: 1 | AM68: 1 | AN68: 1 | AO68: 1 | AP68: 1
A69: 주소록 | B69: 12 | D69: 서부돌 | E69: 1 | F69: 1 | I69: 1 | J69: 1 | K69: 1 | L69: 1 | M69: 1 | N69: 1 | P69: 1 | Q69: 1 | R69: 1 | S69: 1 | T69: 1 | U69: 1 | V69: 1 | W69: 1 | X69: 1 | Y69: 1 | Z69: 1 | AA69: 1 | AB69: 1 | AC69: 1 | AD69: 1 | AE69: 1 | AF69: 1 | AG69: 1 | AH69: 1 | AI69: 1 | AJ69: 1 | AK69: 1 | AM69: 1 | AN69: 1 | AO69: 1 | AP69: 1
A70: 주소록 | B70: 12 | D70: 이재순 | E70: 1 | I70: 1 | J70: 1 | L70: 1 | N70: 1 | Q70: 1 | R70: 1 | S70: 1 | T70: 1 | U70: 1 | W70: 1 | Z70: 1 | AB70: 1 | AD70: 1 | AE70: 1 | AF70: 1 | AG70: 1 | AI70: 1 | AJ70: 1 | AK70: 1 | AM70: 1 | AN70: 1 | AP70: 1
A71: 주소록 | B71: 12 | D71: 임영택 | E71: 1 | F71: 1 | J71: 1 | K71: 1 | L71: 1 | M71: 1 | N71: 1 | P71: 1 | R71: 1 | S71: 1 | T71: 1 | U71: 1 | W71: 1 | X71: 1 | Y71: 1 | Z71: 1 | AA71: 1 | AB71: 1 | AC71: 1 | AD71: 1 | AE71: 1 | AF71: 1 | AG71: 1 | AH71: 1 | AI71: 1 | AJ71: 1 | AK71: 1 | AM71: 1 | AN71: 1 | AO71: 1 | AP71: 1
A72: 주소록 | B72: 12 | D72: 김영수 | E72: 1 | F72: 1 | I72: 1 | J72: 1 | K72: 1 | L72: 1 | M72: 1 | N72: 1 | P72: 1 | Q72: 1 | R72: 1 | S72: 1 | T72: 1 | U72: 1 | V72: 1 | W72: 1 | X72: 1 | Y72: 1 | Z72: 1 | AA72: 1 | AB72: 1 | AC72: 1 | AD72: 1 | AE72: 1 | AF72: 1 | AG72: 1 | AH72: 1 | AI72: 1 | AJ72: 1 | AK72: 1 | AM72: 1 | AN72: 1 | AO72: 1 | AP72: 1
A73: 주소록 | B73: 12 | D73: 송경연 | E73: 1 | F73: 1 | I73: 1 | J73: 1 | K73: 1 | L73: 1 | M73: 1 | N73: 1 | P73: 1 | Q73: 1 | R73: 1 | S73: 1 | T73: 1 | U73: 1 | V73: 1 | W73: 1 | X73: 1 | Y73: 1 | Z73: 1 | AA73: 1 | AB73: 1 | AC73: 1 | AD73: 1 | AE73: 1 | AF73: 1 | AG73: 1 | AH73: 1 | AI73: 1 | AJ73: 1 | AK73: 1 | AM73: 1 | AN73: 1 | AO73: 1 | AP73: 1
A74: 주소록 | B74: 12 | D74: 장재희 | E74: 1 | F74: 1 | I74: 1 | J74: 1 | K74: 1 | L74: 1 | M74: 1 | N74: 1 | P74: 1 | Q74: 1 | R74: 1 | S74: 1 | T74: 1 | U74: 1 | V74: 1 | W74: 1 | X74: 1 | Y74: 1 | Z74: 1 | AA74: 1 | AB74: 1 | AC74: 1 | AD74: 1 | AE74: 1 | AF74: 1 | AG74: 1 | AH74: 1 | AI74: 1 | AJ74: 1 | AK74: 1 | AM74: 1 | AN74: 1 | AO74: 1 | AP74: 1
A75: 주소록 | B75: 12 | D75: 전민지 | E75: 1 | F75: 1 | I75: 1 | J75: 1 | K75: 1 | L75: 1 | M75: 1 | N75: 1 | P75: 1 | Q75: 1 | R75: 1 | S75: 1 | T75: 1 | U75: 1 | V75: 1 | W75: 1 | X75: 1 | Y75: 1 | Z75: 1 | AA75: 1 | AB75: 1 | AC75: 1 | AD75: 1 | AE75: 1 | AF75: 1 | AG75: 1 | AH75: 1 | AI75: 1 | AJ75: 1 | AK75: 1 | AM75: 1 | AN75: 1 | AO75: 1 | AP75: 1
A76: 주소록 | B76: 12 | D76: 전이우 | E76: 1 | F76: 1 | I76: 1 | J76: 1 | K76: 1 | L76: 1 | M76: 1 | N76: 1 | P76: 1 | Q76: 1 | R76: 1 | S76: 1 | T76: 1 | U76: 1 | V76: 1 | W76: 1 | X76: 1 | Y76: 1 | Z76: 1 | AA76: 1 | AB76: 1 | AC76: 1 | AD76: 1 | AE76: 1 | AF76: 1 | AG76: 1 | AH76: 1 | AI76: 1 | AJ76: 1 | AK76: 1 | AM76: 1 | AN76: 1 | AO76: 1 | AP76: 1
A77: 주소록 | B77: 12 | D77: 조은지 | E77: 1 | F77: 1 | I77: 1 | J77: 1 | K77: 1 | L77: 1 | M77: 1 | N77: 1 | P77: 1 | Q77: 1 | R77: 1 | S77: 1 | T77: 1 | U77: 1 | V77: 1 | W77: 1 | X77: 1 | Y77: 1 | Z77: 1 | AA77: 1 | AB77: 1 | AC77: 1 | AD77: 1 | AE77: 1 | AF77: 1 | AG77: 1 | AH77: 1 | AI77: 1 | AJ77: 1 | AK77: 1 | AM77: 1 | AN77: 1 | AO77: 1 | AP77: 1
A78: 주소록 | B78: 12 | D78: 장희수 | K78: 1 | L78: 1 | M78: 1 | N78: 1 | P78: 1 | Q78: 1 | R78: 1 | S78: 1 | T78: 1 | U78: 1 | X78: 1 | Y78: 1 | Z78: 1 | AA78: 1 | AB78: 1 | AC78: 1 | AD78: 1 | AE78: 1 | AF78: 1 | AG78: 1 | AH78: 1 | AI78: 1 | AJ78: 1 | AK78: 1 | AM78: 1 | AN78: 1 | AO78: 1 | AP78: 1
A79: 주소록 | B79: 12 | D79: 민주안 | T79: 1 | U79: 1 | W79: 1 | X79: 1 | Y79: 1 | Z79: 1 | AA79: 1 | AB79: 1 | AC79: 1 | AD79: 1 | AE79: 1 | AF79: 1 | AG79: 1 | AH79: 1 | AI79: 1 | AJ79: 1 | AK79: 1 | AM79: 1 | AN79: 1 | AO79: 1 | AP79: 1
A80: 주소록 | B80: 21 | D80: 김재홍 | E80: 1 | F80: 1 | I80: 1 | J80: 1 | K80: 1 | L80: 1 | M80: 1 | N80: 1 | P80: 1 | Q80: 1 | R80: 1 | S80: 1 | T80: 1 | U80: 1 | V80: 1 | W80: 1 | X80: 1 | Y80: 1 | Z80: 1 | AA80: 1 | AB80: 1 | AF80: 1 | AG80: 1 | AH80: 1 | AI80: 1 | AJ80: 1 | AK80: 1 | AM80: 1 | AN80: 1 | AP80: 1
A81: 주소록 | B81: 21 | D81: 김세문 | E81: 1 | F81: 1 | K81: 1 | M81: 1 | N81: 1 | P81: 1 | Q81: 1 | R81: 1 | T81: 1 | U81: 1 | W81: 1 | X81: 1 | AA81: 1 | AD81: 1 | AF81: 1 | AH81: 1 | AK81: 1 | AM81: 1 | AN81: 1 | AP81: 1
A82: 주소록 | B82: 21 | D82: 손창근 | I82: 1 | J82: 1 | M82: 1 | P82: 1 | W82: 1 | X82: 1 | Y82: 1 | AB82: 1 | AC82: 1 | AD82: 1 | AE82: 1 | AI82: 1
A83: 주소록 | B83: 21 | D83: 양인수 | E83: 1 | F83: 1 | I83: 1 | J83: 1 | K83: 1 | L83: 1 | M83: 1 | N83: 1 | P83: 1 | Q83: 1 | R83: 1 | S83: 1 | T83: 1 | U83: 1 | V83: 1 | W83: 1 | X83: 1 | Y83: 1 | Z83: 1 | AA83: 1 | AB83: 1 | AC83: 1 | AD83: 1 | AE83: 1 | AF83: 1 | AG83: 1 | AH83: 1 | AI83: 1 | AJ83: 1 | AK83: 1 | AM83: 1 | AN83: 1 | AO83: 1 | AP83: 1
A84: 주소록 | B84: 21 | D84: 윤대혁 | E84: 1 | I84: 1 | J84: 1 | K84: 1 | L84: 1 | N84: 1 | P84: 1 | Q84: 1 | R84: 1 | S84: 1 | V84: 1 | W84: 1 | X84: 1 | Y84: 1 | AB84: 1 | AC84: 1 | AE84: 1 | AK84: 1 | AM84: 1
A85: 주소록 | B85: 21 | D85: 이동하 | E85: 1 | K85: 1 | L85: 1 | T85: 1 | X85: 1 | AB85: 1 | AD85: 1 | AE85: 1 | AF85: 1 | AG85: 1 | AH85: 1 | AI85: 1 | AJ85: 1 | AK85: 1 | AM85: 1 | AN85: 1 | AO85: 1 | AP85: 1
A86: 주소록 | B86: 21 | D86: 이승목 | E86: 1 | F86: 1 | I86: 1 | J86: 1 | K86: 1 | L86: 1 | M86: 1 | N86: 1 | P86: 1 | Q86: 1 | R86: 1 | S86: 1 | T86: 1 | U86: 1 | V86: 1 | W86: 1 | X86: 1 | Y86: 1 | Z86: 1 | AA86: 1 | AB86: 1 | AC86: 1 | AD86: 1 | AE86: 1 | AF86: 1 | AG86: 1 | AH86: 1 | AI86: 1 | AJ86: 1 | AK86: 1 | AM86: 1 | AN86: 1 | AO86: 1 | AP86: 1
A87: 주소록 | B87: 21 | D87: 이흥삼 | E87: 1 | F87: 1 | I87: 1 | J87: 1 | K87: 1 | L87: 1 | M87: 1 | P87: 1 | Q87: 1 | R87: 1 | S87: 1 | T87: 1 | U87: 1 | V87: 1 | W87: 1 | X87: 1 | Y87: 1 | Z87: 1 | AB87: 1 | AC87: 1 | AD87: 1 | AE87: 1 | AF87: 1 | AG87: 1 | AH87: 1 | AI87: 1 | AJ87: 1 | AK87: 1 | AM87: 1 | AN87: 1 | AO87: 1 | AP87: 1
A88: 주소록 | B88: 21 | D88: 진현조 | F88: 1 | J88: 1 | K88: 1 | L88: 1 | M88: 1 | Q88: 1 | S88: 1 | T88: 1 | U88: 1 | W88: 1 | X88: 1 | Y88: 1 | Z88: 1 | AB88: 1 | AC88: 1 | AD88: 1 | AH88: 1 | AJ88: 1 | AK88: 1 | AM88: 1 | AN88: 1
A89: 주소록 | B89: 21 | D89: 박점숙 | E89: 1 | F89: 1 | I89: 1 | J89: 1 | K89: 1 | L89: 1 | M89: 1 | N89: 1 | P89: 1 | Q89: 1 | R89: 1 | S89: 1 | T89: 1 | U89: 1 | V89: 1 | W89: 1 | X89: 1 | Y89: 1 | Z89: 1 | AA89: 1 | AB89: 1 | AC89: 1 | AD89: 1 | AE89: 1 | AF89: 1 | AG89: 1 | AH89: 1 | AI89: 1 | AJ89: 1 | AK89: 1 | AM89: 1 | AN89: 1 | AP89: 1
A90: 주소록 | B90: 21 | D90: 신미 | M90: 1 | N90: 1 | Q90: 1 | R90: 1 | X90: 1
A91: 주소록 | B91: 21 | D91: 안진숙 | E91: 1 | F91: 1 | I91: 1 | J91: 1 | K91: 1 | L91: 1 | M91: 1 | N91: 1 | P91: 1 | Q91: 1 | R91: 1 | S91: 1 | T91: 1 | U91: 1 | V91: 1 | W91: 1 | X91: 1 | Y91: 1 | Z91: 1 | AA91: 1 | AB91: 1 | AC91: 1 | AD91: 1 | AE91: 1 | AF91: 1 | AG91: 1 | AH91: 1 | AI91: 1 | AJ91: 1 | AK91: 1 | AM91: 1 | AN91: 1 | AP91: 1
A92: 주소록 | B92: 21 | D92: 엽진숙 | E92: 1 | F92: 1 | I92: 1 | J92: 1 | K92: 1 | L92: 1 | M92: 1 | N92: 1 | P92: 1 | Q92: 1 | R92: 1 | S92: 1 | T92: 1 | U92: 1 | V92: 1 | W92: 1 | X92: 1 | Y92: 1 | AA92: 1 | AB92: 1 | AC92: 1 | AD92: 1 | AE92: 1 | AG92: 1 | AH92: 1 | AI92: 1 | AJ92: 1 | AK92: 1 | AM92: 1 | AN92: 1 | AO92: 1 | AP92: 1
A93: 주소록 | B93: 21 | D93: 이재경 | E93: 1 | F93: 1 | I93: 1 | J93: 1 | K93: 1 | L93: 1 | M93: 1 | N93: 1 | P93: 1 | Q93: 1 | R93: 1 | S93: 1 | T93: 1 | U93: 1 | V93: 1 | W93: 1 | X93: 1 | Y93: 1 | Z93: 1 | AA93: 1 | AB93: 1 | AC93: 1 | AD93: 1 | AE93: 1 | AF93: 1 | AG93: 1 | AH93: 1 | AI93: 1 | AJ93: 1 | AK93: 1 | AM93: 1 | AN93: 1 | AO93: 1 | AP93: 1
A94: 주소록 | B94: 21 | D94: 이정화 | E94: 1 | J94: 1 | K94: 1 | L94: 1 | Q94: 1 | T94: 1 | V94: 1 | W94: 1 | X94: 1 | AB94: 1 | AD94: 1 | AE94: 1 | AG94: 1 | AH94: 1 | AI94: 1 | AJ94: 1 | AK94: 1 | AM94: 1 | AN94: 1 | AO94: 1 | AP94: 1
A95: 주소록 | B95: 21 | D95: 임정순 | F95: 1 | K95: 1 | L95: 1 | Q95: 1 | AA95: 1 | AI95: 1 | AN95: 1 | AP95: 1
A96: 주소록 | B96: 21 | D96: 장정이 | E96: 1 | F96: 1 | I96: 1 | J96: 1 | K96: 1 | L96: 1 | M96: 1 | N96: 1 | P96: 1 | R96: 1 | S96: 1 | T96: 1 | U96: 1 | V96: 1 | W96: 1 | X96: 1 | Y96: 1 | Z96: 1 | AA96: 1 | AB96: 1 | AC96: 1 | AD96: 1 | AE96: 1 | AF96: 1 | AG96: 1 | AH96: 1 | AI96: 1 | AJ96: 1 | AK96: 1 | AM96: 1 | AN96: 1 | AO96: 1 | AP96: 1
A97: 주소록 | B97: 21 | D97: 조영미 | E97: 1 | F97: 1 | I97: 1 | J97: 1 | K97: 1 | L97: 1 | M97: 1 | N97: 1 | P97: 1 | Q97: 1 | R97: 1 | S97: 1 | T97: 1 | U97: 1 | V97: 1 | W97: 1 | X97: 1 | Y97: 1 | Z97: 1 | AA97: 1 | AB97: 1 | AC97: 1 | AD97: 1 | AE97: 1 | AF97: 1 | AG97: 1 | AH97: 1 | AI97: 1 | AJ97: 1 | AK97: 1 | AM97: 1 | AN97: 1 | AO97: 1 | AP97: 1
A98: 주소록 | B98: 21 | D98: 최시애 | E98: 1 | I98: 1 | J98: 1 | K98: 1 | L98: 1 | N98: 1 | P98: 1 | Q98: 1 | R98: 1 | S98: 1 | V98: 1 | W98: 1 | X98: 1 | Y98: 1 | AA98: 1 | AB98: 1 | AC98: 1 | AE98: 1 | AK98: 1 | AM98: 1
A99: 주소록 | B99: 21 | D99: 김용택 | E99: 1 | F99: 1 | I99: 1 | J99: 1 | K99: 1 | L99: 1 | M99: 1 | N99: 1 | P99: 1 | Q99: 1 | R99: 1 | S99: 1 | T99: 1 | U99: 1 | V99: 1 | W99: 1 | X99: 1 | Y99: 1 | Z99: 1 | AA99: 1 | AB99: 1 | AC99: 1 | AD99: 1 | AE99: 1 | AF99: 1 | AG99: 1 | AH99: 1 | AI99: 1 | AJ99: 1 | AK99: 1 | AM99: 1 | AN99: 1 | AO99: 1 | AP99: 1
A100: 주소록 | B100: 21 | D100: 강희선
A101: 주소록 | B101: 21 | D101: 김만영 | E101: 1 | F101: 1 | I101: 1 | J101: 1 | K101: 1 | L101: 1 | M101: 1 | N101: 1 | P101: 1 | Q101: 1 | U101: 1 | V101: 1 | X101: 1 | Y101: 1 | Z101: 1 | AA101: 1 | AB101: 1 | AC101: 1 | AD101: 1 | AE101: 1 | AG101: 1 | AI101: 1 | AJ101: 1 | AK101: 1 | AM101: 1 | AN101: 1 | AP101: 1
A102: 주소록 | B102: 21 | D102: 김점자 | E102: 1 | F102: 1 | I102: 1 | J102: 1 | K102: 1 | M102: 1 | N102: 1 | P102: 1 | Q102: 1 | R102: 1 | T102: 1 | U102: 1 | V102: 1 | AH102: 1 | AI102: 1 | AJ102: 1 | AK102: 1 | AM102: 1 | AN102: 1 | AO102: 1 | AP102: 1
A103: 주소록 | B103: 21 | D103: 이문자 | E103: 1 | F103: 1 | I103: 1 | J103: 1 | K103: 1 | L103: 1 | M103: 1 | N103: 1 | P103: 1 | Q103: 1 | R103: 1 | S103: 1 | T103: 1 | U103: 1 | V103: 1 | W103: 1 | X103: 1 | Y103: 1 | Z103: 1 | AA103: 1 | AB103: 1 | AC103: 1 | AD103: 1 | AE103: 1 | AF103: 1 | AG103: 1 | AH103: 1 | AI103: 1 | AJ103: 1 | AK103: 1 | AM103: 1 | AN103: 1 | AO103: 1 | AP103: 1
A104: 주소록 | B104: 21 | D104: 정대림 | E104: 1 | F104: 1 | I104: 1 | J104: 1 | K104: 1 | L104: 1 | M104: 1 | N104: 1 | P104: 1 | Q104: 1 | R104: 1 | S104: 1 | T104: 1 | U104: 1 | V104: 1 | W104: 1 | X104: 1 | Y104: 1 | Z104: 1 | AA104: 1 | AB104: 1 | AC104: 1 | AD104: 1 | AE104: 1 | AF104: 1 | AH104: 1 | AI104: 1 | AJ104: 1 | AK104: 1 | AM104: 1 | AN104: 1 | AO104: 1 | AP104: 1
A105: 주소록 | B105: 21 | D105: 김영은 | E105: 1 | F105: 1 | I105: 1 | J105: 1 | K105: 1 | L105: 1 | M105: 1 | N105: 1 | P105: 1 | Q105: 1 | R105: 1 | S105: 1 | T105: 1 | U105: 1 | V105: 1 | W105: 1 | X105: 1 | Y105: 1 | Z105: 1 | AA105: 1 | AB105: 1 | AC105: 1 | AD105: 1 | AE105: 1 | AF105: 1 | AG105: 1 | AH105: 1 | AI105: 1 | AJ105: 1 | AK105: 1 | AM105: 1 | AN105: 1 | AO105: 1 | AP105: 1
A106: 주소록 | B106: 21 | D106: 김해은 | E106: 1 | F106: 1 | I106: 1 | J106: 1 | K106: 1 | L106: 1 | M106: 1 | N106: 1 | P106: 1 | Q106: 1 | R106: 1 | S106: 1 | T106: 1 | U106: 1 | V106: 1 | W106: 1 | X106: 1 | Y106: 1 | Z106: 1 | AA106: 1 | AB106: 1 | AC106: 1 | AD106: 1 | AE106: 1 | AF106: 1 | AG106: 1 | AH106: 1 | AI106: 1 | AJ106: 1 | AK106: 1 | AM106: 1 | AN106: 1 | AO106: 1 | AP106: 1
...

Sheet data_수요일
C7: =DATEVALUE(C8) -> 45994 | D7: =DATEVALUE(D8) -> 46001 | E7: =DATEVALUE(E8) -> 46008 | F7: =DATEVALUE(F8) -> 46015 | G7: =DATEVALUE(G8) -> 46022 | H7: =DATEVALUE(H8) -> 46029 | I7: =DATEVALUE(I8) -> 46036 | J7: =DATEVALUE(J8) -> 46043 | ... BB7: =DATEVALUE(BB8) -> 46351
C8: =TEXT(C10,"YY/MM/DD") -> 25/12/03 | D8: =TEXT(D10,"YY/MM/DD") -> 25/12/10 | E8: =TEXT(E10,"YY/MM/DD") -> 25/12/17 | F8: =TEXT(F10,"YY/MM/DD") -> 25/12/24 | G8: =TEXT(G10,"YY/MM/DD") -> 25/12/31 | H8: =TEXT(H10,"YY/MM/DD") -> 26/01/07 | I8: =TEXT(I10,"YY/MM/DD") -> 26/01/14 | J8: =TEXT(J10,"YY/MM/DD") -> 26/01/21 | ... BB8: =TEXT(BB10,"YY/MM/DD") -> 26/11/25
A9: 출석 계 | C9: =COUNTA(C11:C291) -> 0 | D9: =COUNTA(D11:D291) -> 0 | E9: =COUNTA(E11:E291) -> 0 | F9: =COUNTA(F11:F291) -> 0 | G9: =COUNTA(G11:G291) -> 0 | H9: =COUNTA(H11:H298) -> 0 | I9: =COUNTA(I11:I298) -> 0 | J9: =COUNTA(J11:J298) -> 0 | K9: =COUNTA(K11:K298) -> 0 | L9: =COUNTA(L11:L298) -> 0 | M9: =COUNTA(M11:M298) -> 0 | N9: =COUNTA(N11:N298) -> 0 | O9: =COUNTA(O11:O298) -> 0 | ... BB9: =COUNTA(BB11:BB298) -> 0
A10: 구역 | B10: 성명 | C10: 45994 | D10: 46001 | E10: 46008 | F10: 46015 | G10: 46022 | H10: 46029 | I10: 46036 | J10: 46043 | K10: 46050 | L10: 46057 | M10: 46064 | N10: 46071 | O10: 46078 | P10: 46085 | Q10: 46092 | R10: 46099 | S10: 46106 | T10: 46113 | U10: 46120 | V10: 46127 | W10: 46134 | X10: 46141 | Y10: 46148 | Z10: 46155 | AA10: 46162 | AB10: 46169 | AC10: 46176 | AD10: 46183 | AE10: 46190 | AF10: 46197 | AG10: 46204 | AH10: 46211 | AI10: 46218 | AJ10: 46225 | AK10: 46232 | AL10: 46239 | AM10: 46246 | AN10: 46253 | AO10: 46260 | AP10: 46267 | AQ10: 46274 | AR10: 46281 | AS10: 46288 | AT10: 46295 | AU10: 46302 | AV10: 46309 | AW10: 46316 | AX10: 46323 | AY10: 46330 | AZ10: 46337 | BA10: 46344 | BB10: 46351
A11: 11 | B11: =data_주일!D11 -> 임준석
A12: 11 | B12: =data_주일!D12 -> 장관익
A13: 11 | B13: =data_주일!D13 -> 김성권
A14: 11 | B14: =data_주일!D14 -> 김성엽
A15: 11 | B15: =data_주일!D15 -> 변교현
A16: 11 | B16: =data_주일!D16 -> 서일환
A17: 11 | B17: =data_주일!D17 -> 양현직
A18: 11 | B18: =data_주일!D18 -> 임용열
A19: 11 | B19: =data_주일!D19 -> 전진복
A20: 11 | B20: =data_주일!D20 -> 조경식
A21: 11 | B21: =data_주일!D21 -> 이지영
A22: 11 | B22: =data_주일!D22 -> 김동순
... A107: 21 | B107: =data_주일!D107 -> 최난영
A108: 21 | B108: =data_주일!#REF! -> #REF!
A109: 22 | B109: =data_주일!D108 -> 문혜원
A110: 22 | B110: =data_주일!D109 -> 이은선
A111: 22 | B111: =data_주일!D110 -> 윤경일
A112: 22 | B112: =data_주일!D111 -> 곽상호
A113: 22 | B113: =data_주일!D112 -> 김삼중
A114: 22 | B114: =data_주일!D113 -> 왕순철
A115: 22 | B115: =data_주일!D114 -> 우명호
A116: 22 | B116: =data_주일!D115 -> 이태현
A117: 22 | B117: =data_주일!D116 -> 이희출
A118: 22 | B118: =data_주일!D117 -> 최준서
A119: 22 | B119: =data_주일!D118 -> 김지현
A120: 22 | B120: =data_주일!D119 -> 김선자
... A133: 31 | B133: =data_주일!D132 -> 전진우
A134: 31 | B134: =data_주일!D134 -> 전병철
A135: 31 | B135: =data_주일!D135 -> 김대원
A136: 31 | B136: =data_주일!D136 -> 김영재
A137: 31 | B137: =data_주일!D137 -> 김용범
A138: 31 | B138: =data_주일!D138 -> 김종준
A139: 31 | B139: =data_주일!D139 -> 김형석
A140: 31 | B140: =data_주일!D140 -> 서치호
A141: 31 | B141: =data_주일!D141 -> 신두호
A142: 31 | B142: =data_주일!D142 -> 오창열
A143: 31 | B143: =data_주일!D143 -> 이영준
A144: 31 | B144: =data_주일!D144 -> 최미선
A145: 31 | B145: =data_주일!D145 -> 김향자
... A237: 42 | B237: =data_주일!D237 -> 정선웅
A238: 42 | B238: =data_주일!#REF! -> #REF!
A239: 42 | B239: =data_주일!D238 -> 박성찬
A240: 42 | B240: =data_주일!D239 -> 서종호
A241: 42 | B241: =data_주일!D240 -> 우경태
A242: 42 | B242: =data_주일!D241 -> 장승호
A243: 42 | B243: =data_주일!D242 -> 황상진
A244: 42 | B244: =data_주일!D243 -> 황윤실
A245: 42 | B245: =data_주일!D244 -> 김대호
A246: 42 | B246: =data_주일!D245 -> 조정화
A247: 42 | B247: =data_주일!D246 -> 김선희
A248: 42 | B248: =data_주일!D247 -> 김현숙
A249: 42 | B249: =data_주일!D248 -> 송영화
A250: 42 | B250: =data_주일!D249 -> 우지현
... A300: 43 | B300: =data_주일!D299 -> 황다혜

Sheet 출석부 추가표시 명단
C1: 구 역 | D1: 이 름 | E1: 인도자
C2: 예비명단_11 | D2: 김주영 | E2: 최경숙
C3: 예비명단_11 | D3: 김민주
C4: 예비명단_11 | D4: 장준우 | E4: 손정미
C5: 예비명단_11 | D5: 정호진 | E5: 조동주
C6: 예비명단_12 | D6: 이재순 | E6: 이수연
C7: 예비명단_12 | D7: 정평순 | E7: 이수연
C8: 예비명단_12 | D8: 양애란 | E8: 이옥임
C9: 예비명단_12 | D9: 송경애 | E9: 조수자
C10: 예비명단_12 | D10: 송세영 | E10: 조수자
C11: 예비명단_12 | D11: 장소윤 | E11: 이옥임
C12: 예비명단_21 | D12: 안성애 | E12: 조영미
C13: 예비명단_21 | D13: 이둘련
C14: 예비명단_21 | D14: 김태익 | E14: 신미
C15: 예비명단_22 | D15: 김재용 | E15: 채병연
C16: 예비명단_22 | D16: 이진영 | E16: 배윤하
C17: 예비명단_22 | D17: 최복남 | E17: 안선희
C18: 예비명단_22 | D18: 전쾌수 | E18: 하화자
C19: 예비명단_31 | D19: 박도은
C20: 예비명단_31 | D20: 서치호 | E20: 서주영
C21: 예비명단_31 | D21: 김향자 | E21: 서주영
C22: 예비명단_32 | D22: 김병훈
C23: 예비명단_32 | D23: 최윤서
C24: 예비명단_32 | D24: 최명희 | E24: 정영희
C25: 예비명단_32 | D25: 최영옥 | E25: 최명희
C26: 예비명단_32 | D26: 이한나
C27: 예비명단_32 | D27: 서기환 | E27: 문경숙
C28: 예비명단_32 | D28: 이상호 | E28: 정영희
C29: 예비명단_32 | D29: 노부남 | E29: 문경숙
C30: 예비명단_32 | D30: 권혁재 | E30: 문경숙
C31: 예비명단_33 | D31: 김복순
C32: 예비명단_33 | D32: 정성휘
C33: 예비명단_33 | D33: 황인기
C34: 예비명단_33 | D34: 추민경
C35: 예비명단_33 | D35: 안순일
C36: 예비명단_33 | D36: 배미정
C37: 예비명단_33 | D37: 이지영
C38: 예비명단_33 | D38: 오태자
C39: 예비명단_33 | D39: 곽문희
C40: 예비명단_33 | D40: 남영준
C41: 예비명단_33 | D41: 황인기
C42: 예비명단_33 | D42: 신현수
... C47: 예비명단_42 | D47: 안성범
